排名	词语	频次	PMI	左熵	右熵	得分	分类原因
1	治疗	554	6.6584	6.2278	6.5595	19.4457	2字常见通用词
2	患者	528	6.8289	5.3813	6.5938	18.8041	2字常见通用词
3	症状	173	7.3426	5.7379	5.6938	18.7743	含结构虚字
4	临床	181	8.7182	5.0293	4.8828	18.6303	2字常见通用词
5	既往	14	11.8376	3.4677	2.9502	18.2556	含结构虚字
6	呼吸困难	96	7.6399	5.3319	5.2307	18.2025	含结构虚字
7	骨质疏松	11	11.8421	3.4594	2.8454	18.1469	含结构虚字
8	获益	23	10.512	3.5014	4.0888	18.1022	含结构虚字
9	药物	204	7.7056	5.2422	5.0198	17.9676	2字常见通用词
10	诊断	86	8.1772	4.7717	4.9976	17.9464	2字常见通用词
11	引起	27	9.8561	4.4306	3.6158	17.9026	含结构虚字
12	SARSCoV	5	14.0437	2.3219	1.5219	17.8876	过长英文
13	风险	93	8.8792	3.8521	5.1547	17.886	2字常见通用词
14	人群	51	8.9493	4.3068	4.6229	17.879	含结构虚字
15	提供	27	9.4785	3.8842	4.4586	17.8212	含结构虚字
16	doubleblind	11	12.7807	2.6635	2.3685	17.8127	过长英文
17	预防	56	8.3124	4.7791	4.7112	17.8027	含结构虚字
18	水平	18	9.5626	4.1699	4.0588	17.7913	2字常见通用词
19	修订	54	10.3132	4.5422	2.8588	17.7142	含结构虚字
20	条件	13	10.7442	3.3927	3.5466	17.6835	2字常见通用词
21	避免	9	11.5583	3.1699	2.9477	17.6759	2字常见通用词
22	parallelgroup	7	13.173	2.1281	2.2359	17.537	过长英文
23	其他	47	8.4754	4.4592	4.5333	17.4679	含结构虚字
24	环境	16	11.3657	3.25	2.7806	17.3963	含结构虚字
25	PDE4抑制剂	3	15.3657	1.0	1.0	17.3657	含结构虚字
26	运动	63	8.3898	5.0262	3.9474	17.3635	含结构虚字
27	问题	23	10.1368	3.0223	4.1757	17.3349	2字常见通用词
28	技术	18	10.1083	3.3921	3.7947	17.2951	2字常见通用词
29	httpsgoldcopd	4	13.7807	2.0	1.5	17.2807	过长英文
30	控制	25	9.1442	4.3239	3.7795	17.2475	含结构虚字
31	损伤	11	10.6577	3.4594	3.0958	17.2129	2字常见通用词
32	占预计值	21	9.744	3.5945	3.8209	17.1593	含结构虚字
33	危险因素	42	8.8188	3.9081	4.4313	17.1581	含结构虚字
34	指南	88	8.2828	3.9087	4.9459	17.1375	2字常见通用词
35	死亡	35	10.076	3.976	3.0346	17.0866	2字常见通用词
36	chronicobstructivepulmonarydisease	62	8.4678	4.111	4.4879	17.0667	过长英文
37	评价	32	8.1074	4.3903	4.5625	17.0602	含结构虚字
38	airpollution	4	13.5583	2.0	1.5	17.0583	过长英文
39	急性加重	242	7.0914	4.5977	5.3539	17.043	含结构虚字
40	呼吸	387	6.8738	5.8532	4.2773	17.0043	含结构虚字
41	因素	112	7.6149	3.63	5.682	16.9269	含结构虚字
42	筛查	30	9.1083	3.7362	4.0566	16.9011	含结构虚字
43	crosssectional	5	13.5583	1.9219	1.371	16.8512	过长英文
44	范围	8	11.0989	2.75	3.0	16.8489	2字常见通用词
45	改变	46	7.8505	4.2761	4.7157	16.8423	含结构虚字
46	终点	37	9.2006	2.9671	4.6689	16.8366	含结构虚字
47	持续	32	9.0803	4.0511	3.6914	16.8228	含结构虚字
48	调整	19	9.374	3.8269	3.6163	16.8172	含结构虚字
49	airflowobstruction	7	11.7721	2.5216	2.5216	16.8154	过长英文
50	heartfailure	3	13.6287	1.585	1.585	16.7986	过长英文
51	qualityoflife	3	14.7807	1.0	1.0	16.7807	过长英文
52	longacting	13	11.2847	2.7774	2.6235	16.6856	过长英文
53	代谢	9	11.2182	3.1699	2.281	16.6691	含结构虚字
54	airflowlimitation	4	12.6652	2.0	2.0	16.6652	过长英文
55	健康状况	21	9.7608	3.2321	3.649	16.6419	含结构虚字
56	给予	10	10.7807	2.5219	3.3219	16.6245	2字常见通用词
57	微生态失衡	6	11.7807	2.2516	2.585	16.6173	含结构虚字
58	Emailzgqkyxchinagpnetcn	18	10.8738	2.4332	3.3083	16.6153	过长英文
59	orggoldreports	3	13.3657	1.585	1.585	16.5356	过长英文
60	替代	10	10.8296	2.8464	2.8464	16.5225	含结构虚字
61	下降	37	7.9982	3.8792	4.6077	16.4851	含结构虚字
62	highintensity	4	12.9733	2.0	1.5	16.4733	过长英文
63	监测	18	8.9357	3.8366	3.6835	16.4558	含结构虚字
64	增加	74	6.5974	4.9925	4.8598	16.4496	2字常见通用词
65	线胸片	10	10.8706	3.1219	2.4464	16.439	含结构虚字
66	气道	79	6.3186	4.8665	5.247	16.432	含结构虚字
67	黏液高分泌	9	11.3657	2.4194	2.6416	16.4266	含结构虚字
68	方案	58	8.8525	2.7722	4.769	16.3938	含结构虚字
69	分析	25	8.3827	3.5239	4.4839	16.3904	含结构虚字
70	吸入	141	6.5281	5.7972	4.052	16.3773	含结构虚字
71	事件	18	10.3557	2.7029	3.3083	16.3668	2字常见通用词
72	sleepapnea	4	14.0437	0.8113	1.5	16.355	过长英文
73	方面	30	7.9015	4.1614	4.2817	16.3446	含结构虚字
74	康复	63	8.3352	3.361	4.6427	16.3389	含结构虚字
75	longterm	6	11.4588	2.2516	2.585	16.2954	过长英文
76	干预	36	8.4994	3.8016	3.9886	16.2895	含结构虚字
77	全身	28	8.5565	4.2534	3.4758	16.2857	含结构虚字
78	气流受限	49	7.0864	4.6805	4.4008	16.1676	含结构虚字
79	文献	19	9.9924	3.1084	3.0031	16.1039	2字常见通用词
80	修订版指南	18	9.2182	3.5305	3.3502	16.0989	含结构虚字
81	说明	22	9.0356	3.0717	3.9706	16.0779	含结构虚字
82	罗氟司特	15	9.2467	2.9232	3.9069	16.0768	含结构虚字
83	领域	9	12.6652	1.7527	1.6577	16.0757	含结构虚字
84	初始	22	10.1368	3.9706	1.9658	16.0732	含结构虚字
85	然而	16	8.6099	4.0	3.4528	16.0628	含结构虚字
86	mildtomoderate	4	13.0437	1.5	1.5	16.0437	过长英文
87	lungcancer	12	10.3433	2.8454	2.8454	16.034	过长英文
88	心律失常	21	8.3977	3.7257	3.8802	16.0035	含结构虚字
89	焦虑和抑郁	4	11.9733	2.0	2.0	15.9733	含结构虚字
90	运动能力	13	8.8794	3.5466	3.5466	15.9725	含结构虚字
91	异常	33	7.2387	4.2565	4.4761	15.9713	含结构虚字
92	布地奈德	5	12.1177	1.9219	1.9219	15.9616	含结构虚字
93	厄多司坦	3	12.7807	1.585	1.585	15.9506	含结构虚字
94	福莫特罗	9	10.6932	2.9477	2.281	15.922	含结构虚字
95	规范	12	9.6332	3.1887	3.085	15.9069	含结构虚字
96	早期	41	7.6377	4.2352	4.0251	15.898	含结构虚字
97	依据	16	8.2601	3.75	3.875	15.8851	含结构虚字
98	crossover	5	13.8802	1.0	1.0	15.8802	过长英文
99	lungfunction	12	9.6063	3.2516	3.0221	15.88	过长英文
100	介绍	4	12.3433	2.0	1.5	15.8433	2字常见通用词
101	positivepressure	3	13.3068	1.585	0.9183	15.81	过长英文
102	稳定期	48	7.6756	4.6211	3.5042	15.8009	含结构虚字
103	lowdose	3	12.6287	1.585	1.585	15.7986	过长英文
104	内容	26	8.3752	2.9587	4.4406	15.7746	2字常见通用词
105	依赖	7	10.7177	2.5216	2.5216	15.761	含结构虚字
106	意义	17	8.8644	2.8895	3.9698	15.7238	2字常见通用词
107	严重程度	49	8.0015	3.6177	4.1042	15.7234	含结构虚字
108	populationbased	4	12.8738	0.8113	2.0	15.6851	过长英文
109	显示	28	8.8332	2.6782	4.1645	15.6759	含结构虚字
110	世界卫生组织	4	12.6652	1.5	1.5	15.6652	含结构虚字
111	肺功能	148	5.4938	5.5504	4.6196	15.6638	含结构虚字
112	检测	21	7.3899	4.0707	4.2018	15.6624	含结构虚字
113	合并症	62	6.9825	4.1621	4.5175	15.6621	含结构虚字
114	维持	31	8.8381	4.1069	2.6961	15.6411	2字常见通用词
115	燃料	9	11.8213	1.8366	1.9749	15.6329	含结构虚字
116	远程	18	8.637	3.7947	3.1972	15.6288	含结构虚字
117	metaanalysis	10	11.7807	2.161	1.6855	15.6271	过长英文
118	装置	36	10.7331	1.3198	3.5358	15.5886	含结构虚字
119	noninvasive	7	13.588	1.0	1.0	15.588	过长英文
120	formoterolfumarate	4	12.5843	1.5	1.5	15.5843	过长英文
121	基础	31	9.0466	3.4686	3.0412	15.5564	2字常见通用词
122	减轻	20	8.1572	4.0219	3.371	15.5501	含结构虚字
123	干预措施	9	9.7218	2.6416	3.1699	15.5333	含结构虚字
124	首选	15	8.9106	2.9559	3.6402	15.5067	含结构虚字
125	糖皮质激素	30	8.7715	2.5431	4.1899	15.5045	含结构虚字
126	尤其是	18	7.8561	4.0588	3.5724	15.4873	含结构虚字
127	不良反应	26	7.653	3.6235	4.2099	15.4864	含结构虚字
128	变化	33	7.1611	3.8318	4.4879	15.4808	2字常见通用词
129	systemicinflammation	3	12.3068	1.585	1.585	15.4767	过长英文
130	inhaledcorticosteroids	4	11.9733	2.0	1.5	15.4733	过长英文
131	工作	20	8.4402	3.7219	3.3087	15.4709	含结构虚字
132	社区	11	9.7087	3.2776	2.4817	15.4681	含结构虚字
133	进展	47	7.5931	2.8261	5.0279	15.4471	含结构虚字
134	基层医疗机构	14	9.1368	3.182	3.1281	15.4469	含结构虚字
135	修订版	29	9.6359	3.5723	2.2008	15.409	含结构虚字
136	胸部	16	8.1249	3.7028	3.5778	15.4055	含结构虚字
137	困难	105	9.494	0.6172	5.2796	15.3907	2字常见通用词
138	开展	14	8.6175	3.5216	3.2359	15.375	2字常见通用词
139	受体激动剂	27	8.5328	2.7279	4.1064	15.367	含结构虚字
140	组织	13	9.7958	2.3158	3.2389	15.3505	含结构虚字
141	例如	14	8.1534	3.6645	3.5216	15.3396	含结构虚字
142	采取	8	9.581	2.75	3.0	15.331	含结构虚字
143	JEurRespirJ	29	7.0303	4.3197	3.9783	15.3283	过长英文
144	noninvasivepositive	3	12.8213	1.585	0.9183	15.3246	过长英文
145	资料	5	11.0803	1.9219	2.3219	15.3241	含结构虚字
146	探讨	4	11.3213	2.0	2.0	15.3213	2字常见通用词
147	obstructivepulmonarydisease	93	8.7122	2.4071	4.2009	15.3202	过长英文
148	inpatientswith	30	7.6532	4.5232	3.1424	15.3188	过长英文
149	频繁	8	10.9103	2.4056	2.0	15.316	含结构虚字
150	常规	25	7.3378	3.8937	4.0839	15.3153	含结构虚字
151	exercisecapacity	3	12.1433	1.585	1.585	15.3132	过长英文
152	稳定	65	8.5688	4.8975	1.8249	15.2912	含结构虚字
153	chronicobstructive	116	8.6723	4.1566	2.4569	15.2858	过长英文
154	更新	37	7.7277	4.2266	3.3147	15.269	2字常见通用词
155	手术	11	8.6932	3.2776	3.2776	15.2485	含结构虚字
156	pMDISMI	7	10.1787	2.5216	2.5216	15.2219	过长英文
157	报告	7	11.7136	2.1281	1.3788	15.2204	2字常见通用词
158	本文	15	8.5139	3.7736	2.9232	15.2107	含结构虚字
159	至少	15	8.0588	3.5069	3.6402	15.2059	含结构虚字
160	fumaratemetereddose	3	13.3657	0.9183	0.9183	15.2022	过长英文
161	识别	14	8.3921	3.4677	3.3249	15.1846	含结构虚字
162	patientswith	52	8.8017	2.7532	3.6294	15.1842	过长英文
163	编辑崔莎	3	12.6652	0.9183	1.585	15.1685	含结构虚字
164	生活质量	19	8.1167	3.0106	4.0374	15.1647	含结构虚字
165	clinicalpractice	4	11.6514	2.0	1.5	15.1514	过长英文
166	总体来说	4	11.1368	2.0	2.0	15.1368	含结构虚字
167	焦虑	14	9.5202	3.3249	2.2638	15.1088	含结构虚字
168	功能	216	7.4708	2.409	5.2229	15.1027	含结构虚字
169	反映	8	9.5664	2.75	2.75	15.0664	含结构虚字
170	缓解	13	9.3519	3.2389	2.4697	15.0604	2字常见通用词
171	模拟	4	12.5583	1.0	1.5	15.0583	含结构虚字
172	肺功能检查	42	5.9397	4.2958	4.8146	15.0501	含结构虚字
173	心力衰竭	22	8.3393	3.1747	3.5338	15.0477	含结构虚字
174	预后	31	6.5558	4.1682	4.3203	15.0443	含结构虚字
175	处理	20	8.2808	3.1087	3.6219	15.0115	2字常见通用词
176	起始	17	8.9024	3.6901	2.4165	15.009	含结构虚字
177	参考	29	8.2507	3.8095	2.942	15.0021	含结构虚字
178	手口协	12	10.7027	3.085	1.2075	14.9952	含结构虚字
179	反应	60	6.985	2.9425	5.0566	14.984	含结构虚字
180	resultsfrom	4	12.4588	0.9183	1.585	14.962	过长英文
181	空气污染	12	9.8072	2.4591	2.6887	14.9551	含结构虚字
182	placebocontrolled	5	10.7103	1.9219	2.3219	14.9542	过长英文
183	应用	61	4.7193	5.2566	4.9776	14.9536	含结构虚字
184	免疫调节	4	10.9227	2.0	2.0	14.9227	含结构虚字
185	pulmonarydisease	124	8.7678	1.8847	4.2676	14.9201	过长英文
186	systematicreview	12	11.6932	1.8676	1.3486	14.9095	过长英文
187	randomisedcontrolled	10	10.4208	2.3219	2.161	14.9037	过长英文
188	季节	5	10.6597	1.9219	2.3219	14.9035	含结构虚字
189	地区	11	8.7087	2.914	3.2776	14.9003	含结构虚字
190	Globalstrategy	5	11.8547	2.3219	0.7219	14.8986	过长英文
191	httpwww	6	12.4428	1.7925	0.65	14.8853	过长英文
192	合并	115	7.1615	4.777	2.9334	14.8719	含结构虚字
193	影像	12	9.5637	2.8554	2.4508	14.8699	含结构虚字
194	格隆溴铵	8	11.2888	1.0613	2.5	14.8501	含结构虚字
195	鉴别诊断	10	9.5583	2.161	3.1219	14.8412	含结构虚字
196	规律	13	8.9227	2.5074	3.3927	14.8228	含结构虚字
197	配备	5	11.1253	1.371	2.3219	14.8182	含结构虚字
198	作用	62	5.8541	4.3717	4.5883	14.8142	含结构虚字
199	低氧血症	15	7.6932	3.4566	3.6402	14.79	含结构虚字
200	小气道	12	7.9464	3.4183	3.4183	14.783	含结构虚字
201	其它	13	8.2062	3.1808	3.3927	14.7798	含结构虚字
202	利益冲突	4	11.2782	1.5	2.0	14.7782	含结构虚字
203	年龄	20	8.2335	3.6219	2.9219	14.7774	含结构虚字
204	目标	24	7.6722	3.2662	3.835	14.7733	含结构虚字
205	流行病学	11	8.4648	3.2776	3.0272	14.7696	含结构虚字
206	定义	20	7.5909	3.3842	3.7842	14.7592	含结构虚字
207	慢阻肺病	166	4.8894	5.5244	4.3423	14.7561	PMI/得分/频次过低
208	尚未	9	9.3757	2.9477	2.4194	14.7428	含结构虚字
209	公认	7	11.0697	2.5216	1.1488	14.7402	含结构虚字
210	接种	25	7.606	3.0751	4.0537	14.7347	含结构虚字
211	tripletherapy	5	10.8738	1.9219	1.9219	14.7177	过长英文
212	吸烟	71	5.7459	5.2446	3.727	14.7175	含结构虚字
213	严重	100	7.0197	4.9047	2.7795	14.704	2字常见通用词
214	moderatetosevere	3	12.1957	1.585	0.9183	14.699	过长英文
215	沙美特罗	4	10.6932	2.0	2.0	14.6932	含结构虚字
216	参考文献	6	9.8447	2.2516	2.585	14.6813	含结构虚字
217	职业性粉尘	4	12.6652	1.0	1.0	14.6652	含结构虚字
218	指标	26	6.3983	3.7155	4.5466	14.6604	含结构虚字
219	电子	6	10.6152	2.2516	1.7925	14.6593	含结构虚字
220	证据	26	7.7702	3.1189	3.7672	14.6563	含结构虚字
221	提示	14	7.8635	3.4677	3.3249	14.6561	含结构虚字
222	reductionsurgery	3	12.1433	0.9183	1.585	14.6465	过长英文
223	无创	24	9.1417	3.8554	1.6432	14.6402	含结构虚字
224	日常生活	7	9.588	2.5216	2.5216	14.6313	含结构虚字
225	三联疗法	6	10.5843	1.4591	2.585	14.6284	含结构虚字
226	associatedwith	10	8.9733	2.5219	3.1219	14.6172	过长英文
227	结果	38	7.5569	3.5391	3.4884	14.5845	含结构虚字
228	百分比	9	9.9657	1.4466	3.1699	14.5823	含结构虚字
229	机制	25	7.6314	2.8507	4.0995	14.5815	含结构虚字
230	发作	45	6.0579	4.4081	4.1023	14.5683	含结构虚字
231	近年来	8	9.3984	2.75	2.4056	14.5541	含结构虚字
232	编辑	6	12.4428	0.65	1.4591	14.552	含结构虚字
233	respiratorydiseases	4	12.2364	0.8113	1.5	14.5477	过长英文
234	眠呼吸暂停	3	12.0437	0.9183	1.585	14.547	含结构虚字
235	骤停	3	12.0437	0.9183	1.585	14.547	含结构虚字
236	additiontotiotropiumversus	3	12.0437	1.585	0.9183	14.547	过长英文
237	特罗	31	8.5285	2.2039	3.8087	14.5411	含结构虚字
238	横径	3	11.3657	1.585	1.585	14.5356	含结构虚字
239	纵向	3	11.3657	1.585	1.585	14.5356	含结构虚字
240	并发症	17	7.2064	3.8522	3.4548	14.5134	含结构虚字
241	NEnglJMed	16	9.6008	1.5059	3.3927	14.4994	过长英文
242	体重指数	14	8.5657	2.6924	3.2359	14.494	含结构虚字
243	和或	54	3.9857	5.3195	5.1854	14.4906	含结构虚字
244	表现为	14	7.3	3.5216	3.6645	14.4861	含结构虚字
245	长期规律	6	9.3104	2.585	2.585	14.4803	含结构虚字
246	versusdual	3	11.3068	1.585	1.585	14.4767	过长英文
247	functiontrajectories	3	11.3068	1.585	1.585	14.4767	过长英文
248	pressureventilation	3	12.6287	0.9183	0.9183	14.4653	过长英文
249	超过	12	8.2817	2.9183	3.2516	14.4517	含结构虚字
250	茚达特罗	5	10.2078	2.3219	1.9219	14.4517	含结构虚字
251	简称	20	10.7958	1.8219	1.8332	14.4509	含结构虚字
252	描述	4	10.4468	2.0	2.0	14.4468	2字常见通用词
253	原则	48	8.8343	1.5668	4.0433	14.4444	含结构虚字
254	不良	50	7.869	4.1504	2.4032	14.4226	含结构虚字
255	柴草	4	11.9062	1.0	1.5	14.4062	含结构虚字
256	手口协调不佳	4	10.9062	1.5	2.0	14.4062	含结构虚字
257	疫苗接种	10	9.3884	2.371	2.6464	14.4058	含结构虚字
258	inpatients	42	7.4816	4.9098	1.9904	14.3818	过长英文
259	队列	5	11.0803	1.9219	1.371	14.3731	含结构虚字
260	表现	31	7.6504	3.8331	2.8878	14.3713	含结构虚字
261	民卫生出版社	6	11.4588	0.65	2.2516	14.3604	含结构虚字
262	JThorax	17	6.7958	3.8522	3.6901	14.3381	过长英文
263	全球	21	8.1414	3.1914	3.0009	14.3337	含结构虚字
264	程度	79	7.0704	2.4594	4.7956	14.3254	含结构虚字
265	Generalpractitioners	3	11.8213	0.9183	1.585	14.3246	过长英文
266	机构	31	9.0572	1.2891	3.9747	14.321	含结构虚字
267	危及生命	6	9.9227	2.585	1.7925	14.3002	含结构虚字
268	治疗方案	32	6.3939	3.5747	4.3247	14.2933	含结构虚字
269	针对	17	7.7622	3.8522	2.6757	14.2901	含结构虚字
270	产生	18	7.9012	3.3083	3.0782	14.2877	含结构虚字
271	认识	9	9.2193	2.4194	2.6416	14.2803	含结构虚字
272	疑似	4	10.2782	2.0	2.0	14.2782	含结构虚字
273	知识	7	9.3307	2.1281	2.8074	14.2661	2字常见通用词
274	损害	8	9.9669	1.5488	2.75	14.2657	2字常见通用词
275	常见	42	7.5179	4.0197	2.7231	14.2607	含结构虚字
276	一个	24	6.0325	3.8035	4.4183	14.2543	含结构虚字
277	doubleblindparallel	4	11.9062	1.5	0.8113	14.2175	过长英文
278	纠正	3	11.0437	1.585	1.585	14.2137	含结构虚字
279	越来越	3	12.3657	0.9183	0.9183	14.2022	含结构虚字
280	疾病进展	19	6.9401	3.5369	3.7216	14.1986	含结构虚字
281	分级	26	6.5285	3.8693	3.7962	14.194	含结构虚字
282	超声心动图	4	10.6932	1.5	2.0	14.1932	含结构虚字
283	奥达特罗	4	10.6932	2.0	1.5	14.1932	含结构虚字
284	中华	93	7.4362	5.0153	1.7367	14.1882	含结构虚字
285	莫西	5	11.1407	1.5219	1.5219	14.1845	含结构虚字
286	中国	64	6.2846	4.4059	3.4821	14.1725	含结构虚字
287	卫生	28	8.0439	2.8103	3.3118	14.1661	含结构虚字
288	附属	23	11.1013	1.1492	1.9124	14.1629	含结构虚字
289	近亿	4	11.8421	0.8113	1.5	14.1534	含结构虚字
290	联合	31	7.116	3.8984	3.1307	14.1451	含结构虚字
291	全科医生	15	7.0976	3.5899	3.4566	14.1441	含结构虚字
292	慢阻肺患者	69	4.2474	4.7615	5.1352	14.144	PMI/得分/频次过低
293	每年	12	7.8069	3.085	3.2516	14.1435	含结构虚字
294	手口协调	9	9.6652	2.7255	1.7527	14.1434	含结构虚字
295	randomizedcontrolled	6	9.9733	1.9183	2.2516	14.1433	过长英文
296	提出了	7	9.0962	2.5216	2.5216	14.1395	含结构虚字
297	高血压	8	8.3819	3.0	2.75	14.1319	含结构虚字
298	chronicobstructivepulmonary	78	8.5357	4.0595	1.5269	14.1222	过长英文
299	收缩	5	9.8738	1.9219	2.3219	14.1177	含结构虚字
300	实施	10	8.2729	2.9219	2.9219	14.1168	含结构虚字
301	安慰剂	11	8.5328	3.2776	2.2999	14.1103	含结构虚字
302	lungvolumereduction	5	10.6652	1.9219	1.5219	14.1091	过长英文
303	经济	8	9.7769	2.5	1.8113	14.0882	含结构虚字
304	焦虑抑郁	5	10.6323	1.9219	1.5219	14.0762	含结构虚字
305	抗生素	8	8.8188	2.5	2.75	14.0688	含结构虚字
306	acuteexacerbation	8	11.1177	2.4056	0.5436	14.0669	过长英文
307	伴有发热	3	10.8953	1.585	1.585	14.0653	含结构虚字
308	接触	7	9.5768	2.2359	2.2359	14.0487	含结构虚字
309	actingbeta	8	11.9062	0.9852	1.1488	14.0403	过长英文
310	报道	14	8.5843	2.4138	3.0391	14.0372	含结构虚字
311	度普利尤单抗	11	8.0161	2.7322	3.2776	14.0259	含结构虚字
312	而言	8	9.2729	1.75	3.0	14.0229	含结构虚字
313	studyJLancet	7	9.2571	2.5216	2.2359	14.0147	过长英文
314	尼古丁替代	3	11.5077	1.585	0.9183	14.0109	含结构虚字
315	longactingbeta	5	11.3657	1.9219	0.7219	14.0095	过长英文
316	异丙托溴铵	4	10.0081	2.0	2.0	14.0081	含结构虚字
317	总体而言	3	10.8213	1.585	1.585	13.9913	含结构虚字
318	传统	9	8.9227	2.6416	2.4194	13.9837	含结构虚字
319	机械通气	20	7.0737	2.9219	3.9842	13.9798	含结构虚字
320	提高生活质量	6	8.7958	2.585	2.585	13.9657	含结构虚字
321	受限	60	8.5442	0.8268	4.5831	13.9542	含结构虚字
322	大多数	7	8.6223	2.8074	2.5216	13.9513	含结构虚字
323	提高	27	6.7522	4.1623	3.0097	13.9242	含结构虚字
324	etalThe	12	7.3061	3.1887	3.4183	13.9131	过长英文
325	伴有	19	6.6102	3.4714	3.8269	13.9085	含结构虚字
326	效果	35	6.8946	2.9707	4.0284	13.8938	2字常见通用词
327	吸入装置	26	6.8815	3.6714	3.3347	13.8876	含结构虚字
328	动脉	62	8.1993	2.3777	3.3065	13.8835	含结构虚字
329	strategyforthediagnosis	3	12.0437	0.9183	0.9183	13.8803	过长英文
330	nonsmallcelllungcancer	3	12.0437	0.9183	0.9183	13.8803	过长英文
331	证明	15	6.9142	3.4566	3.5069	13.8776	含结构虚字
332	访视	9	8.8702	2.0588	2.9477	13.8768	含结构虚字
333	reviewandmetaanalysis	5	11.7807	1.371	0.7219	13.8736	过长英文
334	活动	25	6.4938	3.6733	3.7035	13.8705	含结构虚字
335	Longactingbeta	3	11.3657	1.585	0.9183	13.8689	过长英文
336	数字	6	9.3544	2.2516	2.2516	13.8577	含结构虚字
337	更新要点	13	9.2996	1.5766	2.9689	13.8451	含结构虚字
338	exercisetraining	3	11.3359	1.585	0.9183	13.8392	过长英文
339	相比	15	6.4173	3.6402	3.7736	13.8311	含结构虚字
340	冠状动脉	4	9.8265	2.0	2.0	13.8265	含结构虚字
341	确保	9	8.2347	2.6416	2.9477	13.824	含结构虚字
342	操作	8	8.8188	2.5	2.5	13.8188	含结构虚字
343	病情	34	5.5174	4.3006	3.9987	13.8167	含结构虚字
344	共同	14	7.977	2.9852	2.8424	13.8046	含结构虚字
345	信息	4	9.8034	2.0	2.0	13.8034	2字常见通用词
346	设计	9	8.5698	2.0588	3.1699	13.7985	含结构虚字
347	更好地	6	8.9563	2.585	2.2516	13.7929	含结构虚字
348	循证医学证据	5	9.5455	2.3219	1.9219	13.7893	含结构虚字
349	自我管理	9	8.8658	2.281	2.6416	13.7885	含结构虚字
350	肺动脉高压	24	5.9237	3.8035	4.0535	13.7808	含结构虚字
351	务人员	8	11.2364	0.5436	2.0	13.7799	含结构虚字
352	造成	4	9.7769	2.0	2.0	13.7769	含结构虚字
353	本文编辑	4	10.2624	2.0	1.5	13.7624	含结构虚字
354	结果显示	13	9.2159	1.6143	2.9312	13.7614	含结构虚字
355	有助于	10	7.3123	3.3219	3.1219	13.7561	含结构虚字
356	个体	38	7.0063	3.5186	3.2281	13.7529	含结构虚字
357	阳性对照	5	10.4588	1.9219	1.371	13.7516	含结构虚字
358	结局	9	8.2984	2.281	3.1699	13.7493	含结构虚字
359	通气	62	5.7495	3.0693	4.9233	13.7421	含结构虚字
360	脓性痰	4	10.2364	1.5	2.0	13.7364	含结构虚字
361	流感疫苗	8	9.0803	2.5	2.1556	13.7359	含结构虚字
362	开始	7	8.3999	2.8074	2.5216	13.7289	含结构虚字
363	批准	3	10.5583	1.585	1.585	13.7282	含结构虚字
364	Metaanalysis	3	10.5583	1.585	1.585	13.7282	过长英文
365	微生态失	7	10.6108	2.5216	0.5917	13.7241	含结构虚字
366	百日咳	3	10.5328	1.585	1.585	13.7027	含结构虚字
367	比值	14	7.3705	2.6645	3.6645	13.6995	含结构虚字
368	室内外空	3	11.1957	1.585	0.9183	13.699	含结构虚字
369	年龄岁	8	8.6959	2.5	2.5	13.6959	含结构虚字
370	温度	17	7.4218	2.8163	3.4548	13.6929	含结构虚字
371	数据	20	6.8562	3.2087	3.6219	13.6868	含结构虚字
372	潜在	17	7.5793	2.8138	3.2869	13.68	含结构虚字
373	抗胆碱能药物	12	8.1417	2.4508	3.085	13.6774	含结构虚字
374	cardiovascularrisk	3	10.4912	1.585	1.585	13.6611	过长英文
375	保持	9	7.9772	2.9477	2.7255	13.6503	2字常见通用词
376	大环内酯类	5	9.3999	2.3219	1.9219	13.6437	含结构虚字
377	行走	9	8.2641	2.7255	2.6416	13.6312	含结构虚字
378	ofchronicobstructivepulmonarydisease	18	6.3866	3.1699	4.0588	13.6154	过长英文
379	覆盖了	4	9.6108	2.0	2.0	13.6108	含结构虚字
380	无创通气	14	7.0445	3.182	3.3788	13.6053	含结构虚字
381	浓度	15	8.1417	2.3396	3.1069	13.5881	含结构虚字
382	手口	16	9.0236	3.5	1.0613	13.5849	含结构虚字
383	trialJLancet	7	9.7915	2.1281	1.6645	13.5841	过长英文
384	未来	12	7.7424	3.085	2.7516	13.579	含结构虚字
385	randomisedcontrolledtrial	5	10.5277	2.3219	0.7219	13.5716	过长英文
386	夜间	5	9.3213	1.9219	2.3219	13.5651	含结构虚字
387	参考值	11	8.4125	2.1181	3.0272	13.5578	含结构虚字
388	需求	11	8.162	2.2999	3.0958	13.5577	含结构虚字
389	死亡率	11	7.5461	2.7322	3.2776	13.5558	含结构虚字
390	应注意	13	6.4537	3.5466	3.5466	13.5469	含结构虚字
391	inCOPD	26	5.5548	4.6439	3.3476	13.5462	未满足任何正向条件
392	一种	27	6.132	3.0134	4.3845	13.53	含结构虚字
393	安全性	22	6.1897	3.7322	3.6069	13.5288	含结构虚字
394	医疗机构	22	8.132	1.7295	3.6635	13.5251	含结构虚字
395	doubleblindparallelgroup	3	11.6838	0.9183	0.9183	13.5204	过长英文
396	文献报道	6	9.014	2.2516	2.2516	13.5172	含结构虚字
397	全程管理	7	8.8658	2.1281	2.5216	13.5155	含结构虚字
398	维兰特罗	6	10.4708	1.7925	1.2516	13.5149	含结构虚字
399	取决于	7	8.1758	2.8074	2.5216	13.5048	含结构虚字
400	激动剂	33	8.5328	0.6136	4.3549	13.5012	含结构虚字
401	分泌	17	8.3827	1.8943	3.2195	13.4965	含结构虚字
402	气流阻塞	16	6.716	3.75	3.0244	13.4903	含结构虚字
403	Effectof	13	8.2864	1.7807	3.4183	13.4853	过长英文
404	烟草烟雾	6	8.9733	2.2516	2.2516	13.4766	含结构虚字
405	序贯	3	11.6287	0.9183	0.9183	13.4653	含结构虚字
406	Aetal	18	5.5691	4.0588	3.8366	13.4645	未满足任何正向条件
407	三联	18	9.0042	3.2608	1.1942	13.4592	含结构虚字
408	isassociatedwith	4	9.4588	2.0	2.0	13.4588	过长英文
409	中华医学会	22	7.5975	4.0958	1.7638	13.4571	含结构虚字
410	区域	4	9.4558	2.0	2.0	13.4558	含结构虚字
411	正常	14	7.0373	3.2359	3.182	13.4552	含结构虚字
412	安慰剂对照	4	9.952	2.0	1.5	13.452	含结构虚字
413	chinagpnet	24	11.6629	0.8113	0.9738	13.448	过长英文
414	优于单	4	9.9478	1.5	2.0	13.4478	含结构虚字
415	发现	24	5.6867	3.9183	3.835	13.44	含结构虚字
416	值得	8	7.6818	3.0	2.75	13.4318	含结构虚字
417	airwayinflammation	3	10.9283	1.585	0.9183	13.4315	过长英文
418	代谢综合征	4	9.9227	2.0	1.5	13.4227	含结构虚字
419	controlledtrialJLancet	4	9.9227	2.0	1.5	13.4227	过长英文
420	要求	11	7.1167	2.8454	3.4594	13.4214	含结构虚字
421	multicentrerandomised	3	10.9062	1.585	0.9183	13.4095	过长英文
422	asystematic	11	8.9137	2.9219	1.571	13.4066	过长英文
423	关键	18	8.5975	2.4739	2.3208	13.3921	含结构虚字
424	达特罗	9	9.6745	0.9911	2.7255	13.3911	含结构虚字
425	亚组人群	4	9.8859	1.5	2.0	13.3859	含结构虚字
426	综合评估	11	7.5046	2.5949	3.2776	13.3771	含结构虚字
427	准确地	4	9.8738	2.0	1.5	13.3738	含结构虚字
428	协同主要终点	4	9.8738	1.5	2.0	13.3738	含结构虚字
429	终末	11	9.9424	2.5503	0.8659	13.3586	含结构虚字
430	orlongacting	4	10.8579	1.0	1.5	13.3579	过长英文
431	Metal	16	5.903	3.875	3.5778	13.3558	未满足任何正向条件
432	价值	9	7.4574	2.7255	3.1699	13.3528	含结构虚字
433	酸中毒	6	10.1177	0.65	2.585	13.3527	含结构虚字
434	主要终点	10	8.2883	2.1219	2.9219	13.3322	含结构虚字
435	shortacting	3	11.4912	0.9183	0.9183	13.3278	过长英文
436	步行距离	3	10.8111	0.9183	1.585	13.3143	含结构虚字
437	作用机制	10	8.8188	2.171	2.3219	13.3116	含结构虚字
438	耐力	11	7.8034	2.404	3.0958	13.3032	含结构虚字
439	本指导原则	6	8.1249	2.585	2.585	13.2948	含结构虚字
440	暴露于有害	4	11.2888	1.0	1.0	13.2888	含结构虚字
441	龄岁	9	10.0578	0.5033	2.7255	13.2866	含结构虚字
442	病死率	17	6.6143	2.934	3.7345	13.2828	含结构虚字
443	综合征	9	8.0482	2.281	2.9477	13.277	含结构虚字
444	鉴别	12	9.8421	2.6175	0.8167	13.2763	含结构虚字
445	lungvolumereductionsurgery	3	11.2502	1.0	1.0	13.2502	过长英文
446	etalEffectof	9	7.4385	2.6416	3.1699	13.2501	过长英文
447	烟草	13	8.2143	3.1808	1.8339	13.2291	含结构虚字
448	clinicaloutcomes	3	10.7218	1.585	0.9183	13.2251	过长英文
449	能够	13	6.7961	3.1808	3.2389	13.2158	含结构虚字
450	处置原则	3	10.0437	1.585	1.585	13.2137	含结构虚字
451	轻度	15	6.1906	3.2402	3.7736	13.2043	含结构虚字
452	茚达特	7	9.2467	2.8074	1.1488	13.2029	含结构虚字
453	高危人群	5	8.5519	2.3219	2.3219	13.1957	含结构虚字
454	也可	20	6.0302	4.2219	2.9394	13.1914	含结构虚字
455	用于	33	4.3014	4.2485	4.635	13.1849	含结构虚字
456	罗格隆溴铵	6	10.2782	0.65	2.2516	13.1798	含结构虚字
457	指导原则	33	8.4528	1.8256	2.9003	13.1787	含结构虚字
458	罕见	6	9.9394	2.585	0.65	13.1744	含结构虚字
459	氧疗	32	4.7938	3.7417	4.625	13.1605	PMI/得分/频次过低
460	呼吸道感染	12	7.4475	2.8554	2.8554	13.1583	含结构虚字
461	微生物群	4	9.1513	2.0	2.0	13.1513	含结构虚字
462	定期随访	7	7.8133	2.5216	2.8074	13.1423	含结构虚字
463	指导	55	7.0542	3.4501	2.6319	13.1362	含结构虚字
464	Longacting	4	10.3213	2.0	0.8113	13.1325	过长英文
465	肺炎	39	4.6664	4.3838	4.0798	13.13	PMI/得分/频次过低
466	studyJRespirRes	3	9.9506	1.585	1.585	13.1205	过长英文
467	JNEnglJMed	12	6.6152	2.9183	3.585	13.1185	过长英文
468	effectsof	6	7.9485	2.585	2.585	13.1184	过长英文
469	争议	4	9.6108	1.5	2.0	13.1108	含结构虚字
470	推荐次序	12	10.1562	1.325	1.6258	13.107	含结构虚字
471	自我	14	9.1527	2.3249	1.6267	13.1043	含结构虚字
472	inpatientswithchronicobstructive	8	7.6008	2.75	2.75	13.1008	过长英文
473	征询意见	3	9.9227	1.585	1.585	13.0926	含结构虚字
474	经济地位	3	10.5843	0.9183	1.585	13.0876	含结构虚字
475	acuteexacerbations	7	9.6772	2.8074	0.5917	13.0762	过长英文
476	pulmonaryhypertension	6	8.2338	2.2516	2.585	13.0704	过长英文
477	测定	16	5.991	3.3278	3.75	13.0688	含结构虚字
478	达到	7	8.0182	2.2359	2.8074	13.0615	含结构虚字
479	热线	4	9.5487	1.5	2.0	13.0487	含结构虚字
480	预后不良	7	8.575	2.8074	1.6645	13.0468	含结构虚字
481	安全性数据	4	9.5455	1.5	2.0	13.0455	含结构虚字
482	特别是	9	7.3707	2.9477	2.7255	13.0439	含结构虚字
483	所选择的终点	3	9.8738	1.585	1.585	13.0437	含结构虚字
484	制剂	20	6.3469	2.7016	3.9842	13.0327	含结构虚字
485	够的吸气流速	3	11.1957	0.9183	0.9183	13.0323	含结构虚字
486	格隆	9	11.5412	0.9864	0.5033	13.0309	含结构虚字
487	无法	10	7.3827	2.5219	3.1219	13.0265	含结构虚字
488	重度	52	4.6205	4.4156	3.9902	13.0263	含结构虚字
489	理想	6	8.6434	2.585	1.7925	13.0209	含结构虚字
490	arandomized	7	8.2616	2.5216	2.2359	13.0192	过长英文
491	所有	23	6.0426	3.7294	3.2405	13.0126	含结构虚字
492	原因	22	6.0194	2.9864	4.0049	13.0107	含结构虚字
493	当前	14	6.6487	3.8074	2.5495	13.0056	含结构虚字
494	意识障碍	3	9.8213	1.585	1.585	12.9913	未满足任何正向条件
495	初始治疗	12	6.3774	3.4183	3.1887	12.9845	含结构虚字
496	JLancetRespirMed	12	6.8079	3.2516	2.9183	12.9778	过长英文
497	加重	286	6.516	1.0274	5.4341	12.9776	2字常见通用词
498	nonsmallcelllung	4	10.6652	1.5	0.8113	12.9765	过长英文
499	人员	14	8.2706	1.9502	2.7534	12.9743	含结构虚字
500	随机对照	4	9.9733	2.0	1.0	12.9733	含结构虚字
501	调节	8	8.2223	2.0	2.75	12.9723	含结构虚字
502	终末期	9	7.8235	2.4194	2.7255	12.9683	含结构虚字
503	意识	10	7.7484	2.8464	2.371	12.9658	未满足任何正向条件
504	细胞计数	17	9.272	0.6402	3.0516	12.9638	含结构虚字
505	气流	84	6.251	4.9847	1.7257	12.9613	含结构虚字
506	险因素	47	7.8555	0.5657	4.536	12.9572	含结构虚字
507	新增	17	6.4819	3.9698	2.4981	12.9498	未满足任何正向条件
508	可以通过	9	7.0538	2.9477	2.9477	12.9492	含结构虚字
509	的影响	28	3.8551	4.5931	4.4947	12.9429	含结构虚字
510	间隔	5	9.0989	1.9219	1.9219	12.9427	含结构虚字
511	所致	9	6.8235	2.9477	3.1699	12.9411	含结构虚字
512	抗菌治疗	16	6.082	3.4528	3.4056	12.9404	未满足任何正向条件
513	运动训练	7	8.2888	2.1281	2.5216	12.9386	含结构虚字
514	trialJ	23	6.7465	2.7821	3.4083	12.9368	未满足任何正向条件
515	JRespirMed	13	6.1457	3.3927	3.3927	12.9312	过长英文
516	基层医	31	7.6268	4.2328	1.0701	12.9297	未满足任何正向条件
517	血eos	8	8.5163	3.0	1.4056	12.9219	未满足任何正向条件
518	仔细	3	9.7509	1.585	1.585	12.9209	未满足任何正向条件
519	质量	29	6.759	1.5754	4.5821	12.9165	含结构虚字
520	Committeeon	5	10.0222	0.971	1.9219	12.9151	过长英文
521	可能会	13	6.2829	3.5466	3.0851	12.9145	含结构虚字
522	临床表现	8	6.9116	3.0	3.0	12.9116	含结构虚字
523	家族史	3	9.7412	1.585	1.585	12.9111	未满足任何正向条件
524	个体化	16	7.6501	2.9056	2.3522	12.908	含结构虚字
525	类型	9	7.6757	2.5033	2.7255	12.9044	含结构虚字
526	茶碱类药物	5	8.2571	2.3219	2.3219	12.901	含结构虚字
527	安全	25	8.2555	3.9239	0.7196	12.8989	含结构虚字
528	经鼻	5	9.2058	2.3219	1.371	12.8987	含结构虚字
529	阐明	4	8.8981	2.0	2.0	12.8981	含结构虚字
530	版指南	22	8.5328	0.7908	3.5726	12.8962	未满足任何正向条件
531	实际	5	8.6514	2.3219	1.9219	12.8953	未满足任何正向条件
532	部分患者	11	5.9733	3.4594	3.4594	12.8922	含结构虚字
533	筛查问卷	6	8.7218	2.2516	1.9183	12.8917	含结构虚字
534	生命	12	7.9683	2.1258	2.7925	12.8866	含结构虚字
535	弥散功能	7	7.5551	2.8074	2.5216	12.8841	含结构虚字
536	不佳	14	7.132	2.217	3.5216	12.8707	含结构虚字
537	风险增加	13	7.2782	2.7193	2.8731	12.8706	未满足任何正向条件
538	inPatientswith	6	8.0318	2.585	2.2516	12.8683	过长英文
539	纤维	6	9.3619	2.2516	1.2516	12.8652	未满足任何正向条件
540	减轻疾病负担	3	9.6932	1.585	1.585	12.8632	含结构虚字
541	决策	5	9.0187	1.9219	1.9219	12.8626	含结构虚字
542	出院后	8	8.3523	2.0	2.5	12.8523	含结构虚字
543	正确	8	7.6008	2.75	2.5	12.8508	含结构虚字
544	忌证	8	9.8899	0.5436	2.4056	12.8391	未满足任何正向条件
545	健康教育	7	8.1857	2.5216	2.1281	12.8355	未满足任何正向条件
546	LABAICS患者的管理	3	9.6652	1.585	1.585	12.8351	含结构虚字
547	平滑	7	10.1069	2.1281	0.5917	12.8267	未满足任何正向条件
548	左右	3	9.6514	1.585	1.585	12.8213	未满足任何正向条件
549	呼吸道症状	9	7.1468	2.5033	3.1699	12.8199	含结构虚字
550	抑制剂	7	8.1702	2.5216	2.1281	12.8199	含结构虚字
551	lungvolume	6	10.2502	1.9183	0.65	12.8185	过长英文
552	岁以上	5	8.9733	1.9219	1.9219	12.8172	含结构虚字
553	工作委员会	6	9.3104	1.2516	2.2516	12.8136	含结构虚字
554	值百分比	6	9.2261	1.0	2.585	12.8111	含结构虚字
555	平衡	6	8.6366	2.2516	1.9183	12.8065	未满足任何正向条件
556	平台	3	10.2996	1.585	0.9183	12.8028	未满足任何正向条件
557	微生	17	7.6932	3.8522	1.2533	12.7987	含结构虚字
558	alarge	3	9.6242	1.585	1.585	12.7941	未满足任何正向条件
559	极重度	7	8.1417	2.5216	2.1281	12.7914	含结构虚字
560	DPISMI	3	9.6152	1.585	1.585	12.7852	未满足任何正向条件
561	最佳	8	8.2729	1.75	2.75	12.7729	未满足任何正向条件
562	中日友好医院	6	7.5975	2.585	2.585	12.7674	含结构虚字
563	纳入	4	8.7657	2.0	2.0	12.7657	含结构虚字
564	吸烟者	25	5.4978	3.5933	3.6693	12.7604	含结构虚字
565	慢性	200	4.302	6.1629	2.2892	12.7541	含结构虚字
566	老年	10	7.9398	3.1219	1.6855	12.7472	含结构虚字
567	参数	12	7.0325	2.4508	3.2516	12.735	含结构虚字
568	平板	3	9.5626	1.585	1.585	12.7325	未满足任何正向条件
569	能力	37	5.4978	2.5638	4.6618	12.7234	含结构虚字
570	combinationtherapy	3	10.7218	1.0	1.0	12.7218	过长英文
571	室内温	5	10.0729	1.9219	0.7219	12.7167	未满足任何正向条件
572	两种	7	7.6722	2.5216	2.5216	12.7155	未满足任何正向条件
573	烟雾	15	7.0473	2.2892	3.3736	12.7101	未满足任何正向条件
574	exacerbationsofchronic	11	8.1903	2.8454	1.6729	12.7086	过长英文
575	宣教	3	10.2024	0.9183	1.585	12.7057	未满足任何正向条件
576	来看	5	9.0099	1.371	2.3219	12.7027	含结构虚字
577	来说	8	7.951	2.0	2.75	12.701	含结构虚字
578	喹诺酮类	4	10.3884	1.5	0.8113	12.6997	含结构虚字
579	tiotropiumor	4	10.3884	0.8113	1.5	12.6997	过长英文
580	inPatients	11	8.0989	3.2776	1.3222	12.6987	过长英文
581	JLancet	23	6.6958	2.8147	3.1864	12.697	过长英文
582	全科医	32	8.132	3.2856	1.2748	12.6924	含结构虚字
583	呼吸衰竭	18	6.239	2.7255	3.7255	12.6899	含结构虚字
584	仍无法	4	9.6862	1.5	1.5	12.6862	含结构虚字
585	调查	16	7.0034	3.1556	2.5218	12.6809	含结构虚字
586	右下肺动脉	3	10.1758	1.585	0.9183	12.6791	含结构虚字
587	动脉血气分析	5	8.4349	1.9219	2.3219	12.6788	含结构虚字
588	心房颤动	5	8.4349	2.3219	1.9219	12.6788	含结构虚字
589	张丛溪	4	9.1758	1.5	2.0	12.6758	未满足任何正向条件
590	设盲	3	9.4994	1.585	1.585	12.6693	含结构虚字
591	测试	9	7.2918	2.4194	2.9477	12.6589	含结构虚字
592	个月	8	6.9042	3.0	2.75	12.6542	含结构虚字
593	社会	8	7.4035	2.75	2.5	12.6535	未满足任何正向条件
594	必须证明	3	9.483	1.585	1.585	12.6529	含结构虚字
595	ofCOPD	30	5.4853	3.7285	3.4366	12.6505	未满足任何正向条件
596	医师	17	8.132	2.0275	2.4692	12.6288	未满足任何正向条件
597	versustiotropium	3	9.4588	1.585	1.585	12.6287	过长英文
598	带来	5	9.1798	1.9219	1.5219	12.6236	含结构虚字
599	prospectivecohort	3	10.1177	1.585	0.9183	12.621	过长英文
600	另一	7	7.5768	2.5216	2.5216	12.6201	含结构虚字
601	详见	4	8.6175	2.0	2.0	12.6175	含结构虚字
602	慢性阻塞性肺	113	5.9768	5.7096	0.9174	12.6039	含结构虚字
603	吸烟史	7	6.9884	2.8074	2.8074	12.6032	含结构虚字
604	意识状态	3	10.0989	0.9183	1.585	12.6021	含结构虚字
605	危险	47	8.2199	3.6881	0.6934	12.6014	2字常见通用词
606	体征	11	5.6817	3.4594	3.4594	12.6006	含结构虚字
607	装置的能力	4	9.0989	1.5	2.0	12.5989	含结构虚字
608	诊断和评估	5	7.952	2.3219	2.3219	12.5959	含结构虚字
609	交互	4	10.7807	1.0	0.8113	12.592	未满足任何正向条件
610	胃食管反流	4	9.0803	1.5	2.0	12.5803	含结构虚字
611	Retal	10	5.9334	3.3219	3.3219	12.5773	未满足任何正向条件
612	表型	8	6.8248	3.0	2.75	12.5748	未满足任何正向条件
613	inchronic	23	5.6575	4.2627	2.6531	12.5733	过长英文
614	stablechronicobstructivepulmonarydisease	4	9.071	2.0	1.5	12.571	过长英文
615	wwwchinagp	7	10.8287	1.1488	0.5917	12.5692	过长英文
616	老年人	5	8.3213	2.3219	1.9219	12.5651	含结构虚字
617	指征	16	6.0098	2.9772	3.5778	12.5649	含结构虚字
618	功能障碍	9	6.9733	2.4194	3.1699	12.5626	含结构虚字
619	排除	4	9.5583	1.5	1.5	12.5583	含结构虚字
620	人民	11	8.6932	2.3685	1.4949	12.5567	含结构虚字
621	高分辨率	4	8.5519	2.0	2.0	12.5519	含结构虚字
622	恢复	6	9.5077	1.7925	1.2516	12.5518	含结构虚字
623	评分	19	4.8959	3.7216	3.9321	12.5496	含结构虚字
624	出版社	7	9.4349	0.5917	2.5216	12.5482	含结构虚字
625	软件	3	10.0437	1.585	0.9183	12.547	未满足任何正向条件
626	单独	4	9.7254	2.0	0.8113	12.5367	含结构虚字
627	是否需要	8	7.3759	2.75	2.4056	12.5315	含结构虚字
628	维持治疗	16	6.2977	3.2028	3.0306	12.5312	未满足任何正向条件
629	应当	16	5.2812	3.75	3.5	12.5312	含结构虚字
630	cohortstudyJ	8	7.0303	2.75	2.75	12.5303	过长英文
631	精神意识	3	10.6932	0.9183	0.9183	12.5298	未满足任何正向条件
632	较高的室	3	10.0258	1.585	0.9183	12.5291	含结构虚字
633	转诊	13	7.6149	2.4116	2.4997	12.5262	未满足任何正向条件
634	情况下	8	7.0214	2.75	2.75	12.5214	含结构虚字
635	获得性肺炎	4	9.7074	0.8113	2.0	12.5187	含结构虚字
636	器械	5	8.6708	1.9219	1.9219	12.5146	未满足任何正向条件
637	剑突下	3	9.3433	1.585	1.585	12.5132	未满足任何正向条件
638	减少急性加重	12	6.1738	3.085	3.2516	12.5104	含结构虚字
639	岁及以上	5	9.4588	1.5219	1.5219	12.5026	含结构虚字
640	Betal	9	6.3841	2.9477	3.1699	12.5017	未满足任何正向条件
641	JEur	30	7.0303	4.0518	1.4115	12.4936	未满足任何正向条件
642	Petal	11	5.9366	3.4594	3.0958	12.4919	未满足任何正向条件
643	人员培训	3	9.3213	1.585	1.585	12.4912	含结构虚字
644	这种	10	6.318	3.3219	2.8464	12.4864	含结构虚字
645	专家共	8	10.1907	1.75	0.5436	12.4843	未满足任何正向条件
646	这种情况	3	9.3068	1.585	1.585	12.4767	含结构虚字
647	小叶	4	9.6652	2.0	0.8113	12.4765	未满足任何正向条件
648	应考虑	18	5.2192	3.4194	3.8366	12.4751	含结构虚字
649	totiotropiumversuseithertiotropiumor	3	10.6377	0.9183	0.9183	12.4743	过长英文
650	确诊	21	6.5077	3.4633	2.4915	12.4625	含结构虚字
651	表明	14	6.6322	2.0202	3.8074	12.4598	含结构虚字
652	调查结果显示	6	10.0803	1.4591	0.9183	12.4577	含结构虚字
653	运动耐力	5	8.6134	1.9219	1.9219	12.4573	含结构虚字
654	上级医院	5	8.6108	1.9219	1.9219	12.4546	未满足任何正向条件
655	随着病情	3	9.2782	1.585	1.585	12.4481	含结构虚字
656	危害	7	7.9752	2.2359	2.2359	12.447	2字常见通用词
657	询问	4	8.9352	2.0	1.5	12.4352	未满足任何正向条件
658	Yetal	9	6.0946	3.1699	3.1699	12.4344	未满足任何正向条件
659	Lungfunction	4	9.2624	1.585	1.585	12.4323	过长英文
660	BMCPulmMed	4	9.9227	0.9183	1.585	12.426	过长英文
661	完全可逆	4	10.8034	0.8113	0.8113	12.426	含结构虚字
662	Lmin	4	9.6108	0.8113	2.0	12.422	未满足任何正向条件
663	经济负担	3	10.5843	0.9183	0.9183	12.4209	含结构虚字
664	controlledtrialJ	12	6.9148	2.7516	2.7516	12.418	过长英文
665	特布他林	3	9.2467	1.585	1.585	12.4166	含结构虚字
666	acuteexacerbationofchronic	6	8.8304	1.7925	1.7925	12.4153	过长英文
667	三联治疗	11	6.5414	3.0272	2.8454	12.4139	含结构虚字
668	责任	3	9.2433	1.585	1.585	12.4132	未满足任何正向条件
669	低氧血	17	8.3142	3.4548	0.6402	12.4092	含结构虚字
670	既往吸烟	4	8.4086	2.0	2.0	12.4086	含结构虚字
671	的临床	36	3.1102	4.6626	4.628	12.4007	含结构虚字
672	黏液溶解	3	10.5583	0.9183	0.9183	12.3949	未满足任何正向条件
673	血气分析	8	8.6862	0.9544	2.75	12.3906	含结构虚字
674	感冒	4	9.5712	0.8113	2.0	12.3825	未满足任何正向条件
675	apopulationbased	3	9.2092	1.585	1.585	12.3791	过长英文
676	是一种	12	6.8382	2.4508	3.085	12.374	含结构虚字
677	连接	3	9.2024	1.585	1.585	12.3724	含结构虚字
678	燃料烟雾	3	10.5328	0.9183	0.9183	12.3694	含结构虚字
679	内径	6	7.5328	2.2516	2.585	12.3694	含结构虚字
680	文编辑	5	10.1253	0.7219	1.5219	12.3692	含结构虚字
681	球菌	16	8.568	2.0	1.7988	12.3668	未满足任何正向条件
682	相互	10	8.0803	2.9219	1.3568	12.359	含结构虚字
683	近年	11	7.8017	3.2776	1.2776	12.3569	含结构虚字
684	征象	3	9.1857	1.585	1.585	12.3557	含结构虚字
685	globalinitiativefor	3	9.1824	1.585	1.585	12.3524	过长英文
686	文章	5	8.9029	1.9219	1.5219	12.3468	未满足任何正向条件
687	微生物	9	7.3396	2.9477	2.0588	12.3461	含结构虚字
688	险因素暴露史	6	9.1083	0.65	2.585	12.3433	含结构虚字
689	forthediagnosis	5	9.5975	1.371	1.371	12.3394	过长英文
690	asystematicreview	6	8.6242	2.2516	1.4591	12.335	过长英文
691	充血性心力	6	9.0989	2.585	0.65	12.3339	含结构虚字
692	设备	4	9.3295	1.5	1.5	12.3295	含结构虚字
693	preventionofchronicobstructivepulmonarydisease	4	8.8265	1.5	2.0	12.3265	过长英文
694	升级至	6	9.6063	1.2516	1.4591	12.3171	未满足任何正向条件
695	严重程	54	8.1016	3.5548	0.6601	12.3165	含结构虚字
696	急性加重风险	17	5.9951	3.2928	3.0286	12.3165	含结构虚字
697	pulmonaryrehabilitation	5	8.6228	2.3219	1.371	12.3157	过长英文
698	欧洲呼吸学会	4	9.3104	1.5	1.5	12.3104	含结构虚字
699	日记	5	8.4636	1.9219	1.9219	12.3074	含结构虚字
700	尽快	3	9.1368	1.585	1.585	12.3068	未满足任何正向条件
701	基因测序	3	9.1368	1.585	1.585	12.3068	含结构虚字
702	旨在	5	7.6618	2.3219	2.3219	12.3056	含结构虚字
703	他们	4	8.8034	1.5	2.0	12.3034	未满足任何正向条件
704	医务人员	7	7.9394	2.2359	2.1281	12.3034	含结构虚字
705	呼吸性酸中毒	5	7.6548	2.3219	2.3219	12.2987	含结构虚字
706	持续时间	5	8.0437	1.9219	2.3219	12.2876	含结构虚字
707	肺减容术	10	6.0392	2.9219	3.3219	12.2831	含结构虚字
708	外周血	11	7.8977	3.2776	1.0958	12.2711	未满足任何正向条件
709	展望	4	8.7695	1.5	2.0	12.2695	未满足任何正向条件
710	志201336	3	9.7657	0.9183	1.585	12.269	未满足任何正向条件
711	考虑更换	5	9.222	2.3219	0.7219	12.2659	含结构虚字
712	添加	9	7.4258	2.6416	2.1972	12.2645	未满足任何正向条件
713	死亡风险	7	7.5046	2.2359	2.5216	12.2621	未满足任何正向条件
714	临床开发	5	8.0178	1.9219	2.3219	12.2617	含结构虚字
715	totiotropiumversus	4	10.6377	0.8113	0.8113	12.2603	过长英文
716	过程中	8	6.51	3.0	2.75	12.26	含结构虚字
717	流行性感冒	3	9.0803	1.585	1.585	12.2502	含结构虚字
718	修订有关	6	8.0664	2.2516	1.9183	12.2364	含结构虚字
719	转诊至	5	9.3433	1.5219	1.371	12.2362	未满足任何正向条件
720	症状和	25	3.9676	4.3239	3.9435	12.2349	含结构虚字
721	效应	19	4.2619	4.0374	3.9321	12.2314	含结构虚字
722	次要终点	5	7.9863	1.9219	2.3219	12.2301	含结构虚字
723	额外	3	9.7218	1.585	0.9183	12.2251	未满足任何正向条件
724	diagnosismanagementandpreventionofchronic	3	9.0528	1.585	1.585	12.2227	过长英文
725	patientswithacuteexacerbationofchronic	3	9.0528	1.585	1.585	12.2227	过长英文
726	促进	6	7.0498	2.585	2.585	12.2197	含结构虚字
727	功能不全	5	8.5265	1.371	2.3219	12.2193	含结构虚字
728	指南进行	11	6.2782	2.8454	3.0958	12.2193	含结构虚字
729	远程康复	4	8.2185	2.0	2.0	12.2185	含结构虚字
730	厄多	4	9.3999	2.0	0.8113	12.2111	含结构虚字
731	益处	4	8.2108	2.0	2.0	12.2108	含结构虚字
732	区获得性肺炎	3	9.7074	0.9183	1.585	12.2107	含结构虚字
733	急性	288	6.2176	4.9047	1.0723	12.1946	含结构虚字
734	长效β	9	8.7799	2.4194	0.9911	12.1903	未满足任何正向条件
735	压力	11	6.429	3.4594	2.2999	12.1883	含结构虚字
736	肺活量	16	6.0392	2.7718	3.375	12.186	含结构虚字
737	还应	10	5.9419	3.3219	2.9219	12.1858	含结构虚字
738	强调	6	7.8072	2.585	1.7925	12.1847	含结构虚字
739	剂量	23	5.4865	2.8484	3.8492	12.1841	含结构虚字
740	基层医疗卫	8	9.1368	2.5	0.5436	12.1804	未满足任何正向条件
741	务人员监	4	10.3657	0.8113	1.0	12.1769	含结构虚字
742	明确诊断	6	8.132	1.7925	2.2516	12.1761	含结构虚字
743	生存率	5	7.9277	1.9219	2.3219	12.1716	含结构虚字
744	chronicobstructivepulmonarydiseasea	8	6.67	2.5	3.0	12.17	过长英文
745	盖了	5	9.1253	0.7219	2.3219	12.1692	含结构虚字
746	急性呼吸衰竭	7	6.8332	2.5216	2.8074	12.1622	含结构虚字
747	可逆	21	7.5238	3.0823	1.5487	12.1548	含结构虚字
748	Globalstrategyforthe	4	9.6514	1.585	0.9183	12.1547	过长英文
749	Recommendationsofthe	3	9.6514	1.585	0.9183	12.1547	过长英文
750	增加了	8	6.4013	2.75	3.0	12.1513	含结构虚字
751	烟草暴露	3	8.9733	1.585	1.585	12.1433	含结构虚字
752	指数	24	6.0265	1.945	4.1683	12.1398	含结构虚字
753	cmajissn	9	9.4953	0.9864	1.6577	12.1395	过长英文
754	不足	9	6.5471	2.6416	2.9477	12.1364	含结构虚字
755	是否存在	8	7.1362	2.0	3.0	12.1362	含结构虚字
756	循证医学	7	8.4648	2.5216	1.1488	12.1353	未满足任何正向条件
757	SMIpMDI	3	8.9563	1.585	1.585	12.1262	过长英文
758	宿主	4	9.8111	1.5	0.8113	12.1223	未满足任何正向条件
759	发绀	4	8.113	2.0	2.0	12.113	含结构虚字
760	发挥	4	8.113	2.0	2.0	12.113	含结构虚字
761	期盼	4	8.113	2.0	2.0	12.113	含结构虚字
762	亚组	7	8.2108	2.2359	1.6645	12.1113	含结构虚字
763	发热	7	7.4609	2.1281	2.5216	12.1106	含结构虚字
764	长期管理	6	6.9404	2.585	2.585	12.1104	含结构虚字
765	塞芬汀	10	8.6659	0.9219	2.5219	12.1098	未满足任何正向条件
766	稳定心绞痛	3	9.6063	0.9183	1.585	12.1096	含结构虚字
767	临床试验	10	6.9398	3.1219	2.0464	12.1082	未满足任何正向条件
768	疗效	39	4.4518	3.6444	4.0023	12.0985	PMI/得分/频次过低
769	chronicobstructivelungdisease	7	9.0528	1.2516	1.7925	12.0969	过长英文
770	化合物	6	8.2571	1.9183	1.9183	12.0937	含结构虚字
771	exacerbationsofchronicobstructivepulmonarydisease	4	8.0895	2.0	2.0	12.0895	过长英文
772	Globalstrategyfor	4	9.2755	2.0	0.8113	12.0868	过长英文
773	预测值百分比	3	8.9144	1.585	1.585	12.0844	含结构虚字
774	crosssectionalstudy	3	10.2364	0.9183	0.9183	12.073	过长英文
775	diseaseJCochraneDatabaseSystRev	4	8.071	2.0	2.0	12.071	过长英文
776	结果表明	3	8.8953	1.585	1.585	12.0653	含结构虚字
777	生活	30	6.5127	3.4015	2.1499	12.064	含结构虚字
778	雾化吸入	6	7.2261	2.2516	2.585	12.0627	含结构虚字
779	家庭无创	3	9.5583	1.585	0.9183	12.0616	含结构虚字
780	样本	4	8.0607	2.0	2.0	12.0607	含结构虚字
781	流速	15	7.8172	0.9183	3.3232	12.0587	含结构虚字
782	obstructivepulmonary	108	8.6248	2.1784	1.2529	12.0561	过长英文
783	利尿	3	9.5412	1.585	0.9183	12.0445	含结构虚字
784	清除	4	9.0437	1.5	1.5	12.0437	未满足任何正向条件
785	血嗜酸	22	8.5018	3.0049	0.5304	12.037	未满足任何正向条件
786	内酰胺	3	9.5328	1.585	0.9183	12.036	未满足任何正向条件
787	电子版	3	9.5328	0.9183	1.585	12.036	含结构虚字
788	增加相关	8	6.2858	2.75	3.0	12.0358	含结构虚字
789	长期随访管理	3	8.8658	1.585	1.585	12.0357	含结构虚字
790	慢性支气管炎	9	6.3602	2.9477	2.7255	12.0334	含结构虚字
791	受体阻滞剂	4	8.5328	1.5	2.0	12.0328	含结构虚字
792	长效β激动剂	4	8.5328	1.5	2.0	12.0328	含结构虚字
793	interventionsfor	3	8.8605	1.585	1.585	12.0304	过长英文
794	文件	6	7.6514	1.7925	2.585	12.0289	未满足任何正向条件
795	主要包括	7	6.4133	2.8074	2.8074	12.028	含结构虚字
796	调不佳	6	8.8579	0.9183	2.2516	12.0278	含结构虚字
797	而且	6	6.8579	2.585	2.585	12.0278	含结构虚字
798	尽量	7	6.6963	2.5216	2.8074	12.0253	含结构虚字
799	摘要	5	8.1808	1.9219	1.9219	12.0246	含结构虚字
800	呼吸康复	15	5.6991	3.7736	2.5493	12.0219	含结构虚字
801	吸入支气管	24	6.5822	4.1054	1.3243	12.012	含结构虚字
802	抑制	9	8.0736	2.9477	0.9864	12.0077	含结构虚字
803	ofchronic	44	6.3174	3.4286	2.2576	12.0036	过长英文
804	肺动脉	39	5.3704	4.5481	2.0841	12.0026	含结构虚字
805	免疫调	6	8.4953	2.585	0.9183	11.9985	含结构虚字
806	acuteexacerbationsof	6	7.9485	2.585	1.4591	11.9926	过长英文
807	室外温度	5	8.1417	1.9219	1.9219	11.9855	含结构虚字
808	环境因素	6	8.1433	1.9183	1.9183	11.9799	含结构虚字
809	β受体激动剂	10	8.5328	0.9219	2.5219	11.9766	含结构虚字
810	医疗资源	5	8.132	1.9219	1.9219	11.9759	PMI/得分/频次过低
811	μlICS	5	8.5277	1.5219	1.9219	11.9716	PMI/得分/频次过低
812	是慢阻肺	38	4.0736	4.5568	3.3405	11.9709	含结构虚字
813	固定	8	8.4209	2.0	1.5488	11.9697	含结构虚字
814	呼吸道	31	5.5944	3.7929	2.5817	11.9689	含结构虚字
815	维兰特	7	9.2467	2.1281	0.5917	11.9665	含结构虚字
816	wwwchinagpnet	6	10.6652	0.65	0.65	11.9653	过长英文
817	二级	12	7.7236	2.6887	1.5511	11.9634	PMI/得分/频次过低
818	推广	6	7.4558	1.9183	2.585	11.959	含结构虚字
819	缩短住院	4	8.9563	1.5	1.5	11.9563	PMI/得分/频次过低
820	应用指征	5	7.7074	1.9219	2.3219	11.9513	含结构虚字
821	循环	3	8.7807	1.585	1.585	11.9506	含结构虚字
822	下呼吸道	8	7.3891	2.4056	2.1556	11.9504	含结构虚字
823	exacerbationsofchronicobstructive	7	7.9931	2.8074	1.1488	11.9493	过长英文
824	病理生理	8	6.6968	2.75	2.5	11.9468	含结构虚字
825	inChinaa	4	8.4468	1.5	2.0	11.9468	过长英文
826	severechronic	7	7.6902	2.1281	2.1281	11.9464	过长英文
827	呼吸慢病	11	6.6968	3.0272	2.2222	11.9461	含结构虚字
828	依从性	10	6.3741	2.4464	3.1219	11.9425	含结构虚字
829	及以上	14	7.5206	1.7274	2.6924	11.9404	含结构虚字
830	长期氧疗	8	6.6899	2.5	2.75	11.9399	含结构虚字
831	initiativefor	5	9.5975	0.971	1.371	11.9394	过长英文
832	做出	4	8.4349	2.0	1.5	11.9349	含结构虚字
833	不良事件	7	8.132	2.1281	1.6645	11.9246	含结构虚字
834	也可以	7	6.5899	2.8074	2.5216	11.9189	含结构虚字
835	相互作用	7	7.4468	2.2359	2.2359	11.9186	含结构虚字
836	LAMAICS	11	7.2159	1.6729	3.0272	11.916	PMI/得分/频次过低
837	fromthe	5	8.0664	1.9219	1.9219	11.9103	过长英文
838	Efficacyand	5	8.6175	1.371	1.9219	11.9103	过长英文
839	史的患者	8	7.0037	2.1556	2.75	11.9094	含结构虚字
840	日期2021	5	8.4636	1.5219	1.9219	11.9074	含结构虚字
841	公共	3	9.4037	0.9183	1.585	11.907	PMI/得分/频次过低
842	成人	13	7.2403	1.8811	2.7774	11.8988	含结构虚字
843	大学附属	16	9.3999	1.1863	1.3113	11.8974	含结构虚字
844	恢复时间	4	9.5843	0.8113	1.5	11.8956	含结构虚字
845	心绞痛	5	8.2018	1.371	2.3219	11.8946	PMI/得分/频次过低
846	本文件	3	8.7218	1.585	1.585	11.8917	含结构虚字
847	过度充	11	9.1562	1.8676	0.8659	11.8897	含结构虚字
848	周围	3	8.717	1.585	1.585	11.8869	PMI/得分/频次过低
849	标志物	6	7.8421	1.7925	2.2516	11.8862	含结构虚字
850	JBMJ	7	6.8376	2.5216	2.5216	11.8809	PMI/得分/频次过低
851	联合治疗	11	5.7571	2.8454	3.2776	11.8801	含结构虚字
852	trialJLancetRespir	4	8.8718	1.5	1.5	11.8718	过长英文
853	一项	7	6.2549	2.8074	2.8074	11.8696	含结构虚字
854	常见的	22	4.5072	3.5726	3.7888	11.8686	含结构虚字
855	早期筛查	5	8.4231	1.9219	1.5219	11.867	含结构虚字
856	肺康复	19	4.3099	3.9321	3.6163	11.8584	含结构虚字
857	贫血	3	8.6862	1.585	1.585	11.8561	PMI/得分/频次过低
858	血eos300个µL	3	8.6862	1.585	1.585	11.8561	PMI/得分/频次过低
859	血eos100	3	8.6862	1.585	1.585	11.8561	PMI/得分/频次过低
860	志201942	3	9.3507	0.9183	1.585	11.854	PMI/得分/频次过低
861	全性数据	5	8.808	0.7219	2.3219	11.8519	含结构虚字
862	riskof	7	6.5188	2.5216	2.8074	11.8478	PMI/得分/频次过低
863	之间的差异	3	10.0081	0.9183	0.9183	11.8447	含结构虚字
864	协调好	5	8.9478	1.371	1.5219	11.8407	含结构虚字
865	空气	19	6.6916	3.5369	1.6108	11.8392	含结构虚字
866	研究结果显示	5	7.1927	2.3219	2.3219	11.8366	含结构虚字
867	压力型	4	9.0236	2.0	0.8113	11.8349	含结构虚字
868	霉素	6	8.5964	0.65	2.585	11.8314	PMI/得分/频次过低
869	低氧	22	6.8642	3.7544	1.21	11.8287	含结构虚字
870	如何	6	6.658	2.585	2.585	11.8279	含结构虚字
871	局部	4	7.8188	2.0	2.0	11.8188	含结构虚字
872	健康状态	4	8.3104	1.5	2.0	11.8104	含结构虚字
873	类如阿	3	9.9733	0.9183	0.9183	11.8099	含结构虚字
874	chronicrespiratorydiseases	3	8.6377	1.585	1.585	11.8077	过长英文
875	判断是否	3	8.6355	1.585	1.585	11.8054	含结构虚字
876	慢性咳嗽	8	6.6497	3.0	2.1556	11.8053	含结构虚字
877	COPDJChest	6	6.9658	2.2516	2.585	11.8024	过长英文
878	arandomisedcontrolled	4	8.3023	1.5	2.0	11.8023	过长英文
879	发病机制	4	7.7911	2.0	2.0	11.7911	含结构虚字
880	重度PH	5	7.1441	2.3219	2.3219	11.7879	含结构虚字
881	JRespirology	6	6.6152	2.585	2.585	11.7852	过长英文
882	大学	34	6.5865	2.9093	2.2886	11.7844	含结构虚字
883	肺移植	9	5.8872	2.9477	2.9477	11.7826	PMI/得分/频次过低
884	强调了	3	8.6108	1.585	1.585	11.7807	含结构虚字
885	经过	9	6.5448	2.281	2.9477	11.7735	含结构虚字
886	trialsJ	7	6.8376	2.1281	2.8074	11.7731	过长英文
887	前瞻	3	9.2676	1.585	0.9183	11.7709	含结构虚字
888	可以考虑	9	6.1769	3.1699	2.4194	11.7662	含结构虚字
889	干粉吸入	4	8.7657	2.0	1.0	11.7657	含结构虚字
890	恒定	3	8.5909	1.585	1.585	11.7608	含结构虚字
891	WH	4	9.7583	1.0	1.0	11.7583	PMI/得分/频次过低
892	经验	7	7.3917	2.5216	1.8424	11.7557	含结构虚字
893	上皮	7	6.7115	2.5216	2.5216	11.7548	PMI/得分/频次过低
894	维生素	3	8.5843	1.585	1.585	11.7542	含结构虚字
895	mortalityinpatientswith	3	9.2502	1.585	0.9183	11.7534	过长英文
896	日常	16	6.8514	3.25	1.6494	11.7508	含结构虚字
897	图3	9	5.6295	2.9477	3.1699	11.7472	PMI/得分/频次过低
898	停用	9	6.2948	2.7255	2.7255	11.7458	含结构虚字
899	支气管炎	18	6.6486	1.4108	3.6835	11.7429	PMI/得分/频次过低
900	杂志200730	3	9.9062	0.9183	0.9183	11.7428	PMI/得分/频次过低
901	JAmJ	41	6.8332	3.93	0.9789	11.7421	PMI/得分/频次过低
902	氧化	28	6.6393	2.4195	2.682	11.7408	PMI/得分/频次过低
903	先定义	3	9.2364	0.9183	1.585	11.7396	含结构虚字
904	肠道	4	8.2364	1.5	2.0	11.7364	含结构虚字
905	广为接受	4	8.9227	2.0	0.8113	11.734	含结构虚字
906	pulmonarydiseasea	16	6.67	1.3113	3.75	11.7313	过长英文
907	减少漏诊	3	8.5583	1.585	1.585	11.7282	含结构虚字
908	双向转诊	3	8.5583	1.585	1.585	11.7282	含结构虚字
909	诱发因素	3	8.5583	1.585	1.585	11.7282	含结构虚字
910	预后不良危	4	8.9144	2.0	0.8113	11.7257	含结构虚字
911	JAm	47	6.678	4.1656	0.881	11.7245	PMI/得分/频次过低
912	心室	11	6.7543	1.8676	3.0958	11.7177	PMI/得分/频次过低
913	mortalityin	8	7.7464	2.1281	1.8424	11.7168	过长英文
914	functionand	7	6.781	2.1281	2.8074	11.7164	过长英文
915	Patientswith	8	8.6514	1.0613	2.0	11.7127	过长英文
916	给药	8	6.5567	2.4056	2.75	11.7123	PMI/得分/频次过低
917	managementof	9	7.0929	2.1972	2.4194	11.7094	过长英文
918	体陷闭	5	8.6652	0.7219	2.3219	11.7091	含结构虚字
919	JAmJRespir	36	6.7739	3.6762	1.2566	11.7067	过长英文
920	软雾吸入剂	3	8.5328	1.585	1.585	11.7027	含结构虚字
921	病毒	13	5.5899	3.0851	3.027	11.7019	PMI/得分/频次过低
922	自我管理干	3	9.1957	1.585	0.9183	11.699	含结构虚字
923	有显著影响	5	7.4498	1.9219	2.3219	11.6936	含结构虚字
924	outcomesin	5	7.4468	1.9219	2.3219	11.6906	过长英文
925	当前使用	5	7.4468	2.3219	1.9219	11.6906	含结构虚字
926	杂志2018	7	6.9328	2.2359	2.5216	11.6904	PMI/得分/频次过低
927	与GOLD2024相比GOLD	3	8.5202	1.585	1.585	11.6901	含结构虚字
928	诸如	3	8.516	1.585	1.585	11.6859	含结构虚字
929	基线	8	6.7793	2.75	2.1556	11.6849	含结构虚字
930	preventionof	12	7.849	2.2842	1.5511	11.6842	过长英文
931	不同的	18	3.8287	3.7947	4.0588	11.6821	含结构虚字
932	二级及以上	6	9.2364	1.7925	0.65	11.6789	含结构虚字
933	可逆性	13	5.6823	2.8151	3.1808	11.6782	含结构虚字
934	obstructivepulmonarydiseaseJ	28	5.2985	2.9037	3.4758	11.6779	过长英文
935	增厚	4	8.1758	1.5	2.0	11.6758	PMI/得分/频次过低
936	健康状	28	7.0779	3.3693	1.2274	11.6747	含结构虚字
937	obstructivepulmonarydiseasea	12	6.67	1.585	3.4183	11.6733	过长英文
938	exacerbationsof	20	7.2449	3.2087	1.2192	11.6728	过长英文
939	胸腔	3	9.1693	1.585	0.9183	11.6725	PMI/得分/频次过低
940	尚缺乏	3	9.1693	0.9183	1.585	11.6725	PMI/得分/频次过低
941	械通气	22	7.0799	0.5304	4.0615	11.6718	含结构虚字
942	证据支持	3	8.4953	1.585	1.585	11.6652	含结构虚字
943	初始治疗方案	3	8.4912	1.585	1.585	11.6611	含结构虚字
944	基因	21	5.5179	2.9084	3.2321	11.6585	含结构虚字
945	obstructivelungdisease	7	8.9346	0.5917	2.1281	11.6544	过长英文
946	therapyin	7	6.6103	2.5216	2.5216	11.6536	过长英文
947	胆碱受体	4	8.6514	1.5	1.5	11.6514	含结构虚字
948	值下限	3	9.8111	0.9183	0.9183	11.6477	含结构虚字
949	疾病特定问卷	4	8.1465	2.0	1.5	11.6465	含结构虚字
950	等相关内容	4	8.8343	0.8113	2.0	11.6456	含结构虚字
951	必要时	5	7.4016	2.3219	1.9219	11.6455	含结构虚字
952	长期维持	5	7.952	2.3219	1.371	11.6449	含结构虚字
953	吸入器	8	6.9884	2.1556	2.5	11.6441	含结构虚字
954	舒张剂后	22	7.2454	0.7908	3.6069	11.6431	PMI/得分/频次过低
955	受体	40	6.5442	3.3262	1.7721	11.6426	含结构虚字
956	across	5	9.1388	1.585	0.9183	11.642	PMI/得分/频次过低
957	动耐量	5	7.7958	1.5219	2.3219	11.6397	含结构虚字
958	人民医院	4	8.6394	1.5	1.5	11.6394	含结构虚字
959	总体来	5	8.5948	2.3219	0.7219	11.6387	含结构虚字
960	心电图	3	8.4648	1.585	1.585	11.6347	PMI/得分/频次过低
961	心动过速	3	8.4648	1.585	1.585	11.6347	含结构虚字
962	后的FEV	5	7.7897	1.5219	2.3219	11.6336	含结构虚字
963	用力肺活量	7	7.4468	2.5216	1.6645	11.6329	含结构虚字
964	吸气峰流速	5	6.9884	2.3219	2.3219	11.6323	含结构虚字
965	在临床实践中	5	6.9837	2.3219	2.3219	11.6275	含结构虚字
966	特罗格隆溴铵	5	8.9837	0.7219	1.9219	11.6275	含结构虚字
967	preventionofexacerbations	3	9.1177	1.585	0.9183	11.621	过长英文
968	心房	7	7.9502	2.5216	1.1488	11.6207	PMI/得分/频次过低
969	发布	6	6.45	2.585	2.585	11.62	含结构虚字
970	监护	3	9.7807	0.9183	0.9183	11.6173	PMI/得分/频次过低
971	因为其	5	6.9721	2.3219	2.3219	11.6159	含结构虚字
972	收稿日期	4	8.113	2.0	1.5	11.613	含结构虚字
973	aloneforchronicobstructivepulmonary	3	9.1083	0.9183	1.585	11.6115	过长英文
974	证实	7	6.568	2.5216	2.5216	11.6113	PMI/得分/频次过低
975	下列	6	8.0214	1.7925	1.7925	11.6063	含结构虚字
976	动脉粥样硬化	3	8.4349	1.585	1.585	11.6048	含结构虚字
977	残气量	5	8.3104	1.371	1.9219	11.6033	含结构虚字
978	努力	3	9.0989	1.585	0.9183	11.6021	含结构虚字
979	显著改善	6	7.4305	1.9183	2.2516	11.6004	含结构虚字
980	解决	4	8.0989	2.0	1.5	11.5989	含结构虚字
981	考虑到	7	6.2669	2.5216	2.8074	11.5959	含结构虚字
982	工具	5	7.8997	1.371	2.3219	11.5926	含结构虚字
983	对于接受	5	6.9428	2.3219	2.3219	11.5866	含结构虚字
984	流感疫苗接种	3	9.0803	1.585	0.9183	11.5835	含结构虚字
985	经鼻高流	3	9.0803	1.585	0.9183	11.5835	含结构虚字
986	血栓栓塞	5	8.6862	0.971	1.9219	11.5791	PMI/得分/频次过低
987	联盟	3	9.7412	0.9183	0.9183	11.5778	含结构虚字
988	体阻滞剂	5	8.5328	0.7219	2.3219	11.5766	含结构虚字
989	β激动剂	5	8.5328	0.7219	2.3219	11.5766	含结构虚字
990	发育	13	6.2899	2.4116	2.8731	11.5746	含结构虚字
991	临床实践中	8	7.2755	1.5488	2.75	11.5743	含结构虚字
992	initiativeforchronicobstructivelungdisease	3	9.071	0.9183	1.585	11.5743	过长英文
993	全因死亡	3	9.071	1.585	0.9183	11.5743	含结构虚字
994	ofthe	14	5.264	2.9852	3.3249	11.5741	PMI/得分/频次过低
995	口腔	3	9.068	1.585	0.9183	11.5712	PMI/得分/频次过低
996	forCOPD	10	5.3269	3.3219	2.9219	11.5708	过长英文
997	推荐升级至	4	9.9478	0.8113	0.8113	11.5704	含结构虚字
998	族史	4	8.7509	0.8113	2.0	11.5622	PMI/得分/频次过低
999	patientswithsevere	5	8.8172	1.371	1.371	11.5591	过长英文
1000	途径参	3	9.7218	0.9183	0.9183	11.5584	含结构虚字
1001	缓释	3	9.7218	0.9183	0.9183	11.5584	PMI/得分/频次过低
1002	已被	3	8.3884	1.585	1.585	11.5583	含结构虚字
1003	共识	8	8.6058	0.5436	2.4056	11.555	2字常见通用词
1004	分枝杆菌感染	3	8.3827	1.585	1.585	11.5526	含结构虚字
1005	pMDIpMDI	4	8.5519	1.5	1.5	11.5519	过长英文
1006	内科杂志	4	8.5487	1.0	2.0	11.5487	PMI/得分/频次过低
1007	碱受体	6	8.0437	1.2516	2.2516	11.547	含结构虚字
1008	英国	5	8.7897	1.371	1.371	11.5316	PMI/得分/频次过低
1009	diseaseJCochraneDatabase	6	8.4861	1.7925	1.2516	11.5302	过长英文
1010	chronicobstructivepulmonarydiseaseJ	14	4.8834	3.6645	2.9781	11.526	过长英文
1011	通信作者陈	3	9.0169	1.585	0.9183	11.5202	含结构虚字
1012	有一定	8	6.3623	2.75	2.4056	11.518	含结构虚字
1013	个方面	5	6.8738	2.3219	2.3219	11.5177	含结构虚字
1014	pulmonarydiseaseJ	41	5.4336	2.2263	3.856	11.5159	过长英文
1015	众多因素影	3	9.6792	0.9183	0.9183	11.5157	含结构虚字
1016	罗格隆	7	10.3307	0.5917	0.5917	11.514	含结构虚字
1017	LAMALABAICS	4	7.5139	2.0	2.0	11.5139	PMI/得分/频次过低
1018	相对禁忌证	3	8.3433	1.585	1.585	11.5132	含结构虚字
1019	学组中国	6	8.4648	1.7925	1.2516	11.5089	含结构虚字
1020	JAmJRespirCrit	30	6.7672	3.9069	0.8332	11.5073	过长英文
1021	JAmJRespirCritCare	26	6.7307	3.6235	1.1528	11.507	过长英文
1022	使用固定比值	3	8.3359	1.585	1.585	11.5058	含结构虚字
1023	调查结果	7	9.4588	1.4488	0.5917	11.4993	含结构虚字
1024	中国成人	7	7.5975	2.5216	1.3788	11.4979	含结构虚字
1025	血eos300个	4	8.6862	2.0	0.8113	11.4975	PMI/得分/频次过低
1026	心脏	26	8.1652	1.9509	1.3759	11.4921	PMI/得分/频次过低
1027	地位	5	8.1957	0.971	2.3219	11.4886	含结构虚字
1028	etalChronic	7	5.8695	2.8074	2.8074	11.4842	过长英文
1029	日常活动	5	8.4349	1.5219	1.5219	11.4788	含结构虚字
1030	年修订版	9	7.1778	1.88	2.4194	11.4771	含结构虚字
1031	动能力	15	7.1324	0.6998	3.6402	11.4724	含结构虚字
1032	对照研究	7	6.4244	2.5216	2.5216	11.4677	含结构虚字
1033	危重症医学	4	8.4648	1.5	1.5	11.4648	PMI/得分/频次过低
1034	动力学	7	8.2423	0.9852	2.2359	11.4634	含结构虚字
1035	予以考虑	3	8.2924	1.585	1.585	11.4623	含结构虚字
1036	伤口	4	7.9595	2.0	1.5	11.4595	PMI/得分/频次过低
1037	血症	34	5.2818	1.4815	4.6901	11.4534	PMI/得分/频次过低
1038	手口协调好	3	8.9478	1.585	0.9183	11.4511	含结构虚字
1039	中度	24	3.9584	4.0016	3.4906	11.4507	含结构虚字
1040	张剂后	25	7.1575	0.6396	3.6537	11.4507	PMI/得分/频次过低
1041	inPatientsWith	4	8.4468	1.5	1.5	11.4468	过长英文
1042	用力肺活量FVC	4	7.4468	2.0	2.0	11.4468	含结构虚字
1043	归类为	4	8.4468	1.5	1.5	11.4468	含结构虚字
1044	高危个体	5	8.5519	0.971	1.9219	11.4448	含结构虚字
1045	血管壁	3	8.2711	1.585	1.585	11.4411	PMI/得分/频次过低
1046	急救	7	8.0392	2.8074	0.5917	11.4383	PMI/得分/频次过低
1047	LM	7	7.937	1.5	2.0	11.437	PMI/得分/频次过低
1048	bronchiectasisinpatients	3	9.5931	0.9183	0.9183	11.4297	过长英文
1049	分枝	5	8.3827	2.3219	0.7219	11.4265	含结构虚字
1050	受体激动剂β2	3	8.9227	0.9183	1.585	11.426	含结构虚字
1051	短效β受	3	8.9227	1.585	0.9183	11.426	含结构虚字
1052	临床实践	10	8.7283	1.771	0.9219	11.4212	PMI/得分/频次过低
1053	短恢复时间	3	9.5843	0.9183	0.9183	11.4209	含结构虚字
1054	11关键点1	4	7.9093	2.0	1.5	11.4093	含结构虚字
1055	患病率	22	6.7479	1.7456	2.914	11.4075	含结构虚字
1056	Hetal	7	6.076	2.8074	2.5216	11.405	PMI/得分/频次过低
1057	级轻度	4	7.9042	1.5	2.0	11.4042	含结构虚字
1058	其处理方法	3	8.8981	1.585	0.9183	11.4013	含结构虚字
1059	次访视	4	8.4013	1.0	2.0	11.4013	含结构虚字
1060	个体化选择	5	8.7568	0.7219	1.9219	11.4007	含结构虚字
1061	patientswithchronicobstructive	13	7.5077	1.7004	2.1888	11.3969	过长英文
1062	步明确诊断	3	9.5583	0.9183	0.9183	11.3949	含结构虚字
1063	气促	8	6.1441	2.25	3.0	11.3941	PMI/得分/频次过低
1064	高危	17	6.1964	3.1019	2.0949	11.3931	PMI/得分/频次过低
1065	时应	17	3.9684	3.8522	3.5725	11.393	含结构虚字
1066	氧饱	5	9.2996	1.371	0.7219	11.3924	PMI/得分/频次过低
1067	Getal	7	5.7764	2.8074	2.8074	11.3911	PMI/得分/频次过低
1068	大疱	4	9.0779	0.8113	1.5	11.3892	含结构虚字
1069	应尽可能	4	7.3855	2.0	2.0	11.3855	含结构虚字
1070	etalHigh	4	7.3841	2.0	2.0	11.3841	过长英文
1071	基层医疗卫生	7	7.9981	2.2359	1.1488	11.3828	含结构虚字
1072	装置推荐次序	5	9.9327	0.7219	0.7219	11.3766	含结构虚字
1073	诱发	6	6.9975	2.585	1.7925	11.375	含结构虚字
1074	肺泡	11	6.0392	2.8454	2.4817	11.3663	PMI/得分/频次过低
1075	过敏	6	7.6537	1.4591	2.2516	11.3645	含结构虚字
1076	managementandpreventionofchronic	4	9.0528	0.8113	1.5	11.3641	过长英文
1077	aloneforchronic	4	9.0528	1.5	0.8113	11.3641	过长英文
1078	分级诊疗	6	6.8598	2.585	1.9183	11.3631	含结构虚字
1079	diagnosismanagementand	5	8.6175	1.371	1.371	11.3594	过长英文
1080	步行	9	6.2945	2.6416	2.4194	11.3555	含结构虚字
1081	诊断流程	4	8.3544	1.0	2.0	11.3544	含结构虚字
1082	对照药	10	6.5094	2.3219	2.5219	11.3532	含结构虚字
1083	末期	11	7.5724	0.8659	2.914	11.3523	含结构虚字
1084	定期	59	6.2208	1.2711	3.8568	11.3488	含结构虚字
1085	细支气管炎	5	7.9029	1.5219	1.9219	11.3468	PMI/得分/频次过低
1086	相关的	24	3.1547	4.0535	4.1368	11.3451	含结构虚字
1087	应按照	11	6.6433	1.6729	3.0272	11.3434	含结构虚字
1088	经验证	3	8.1693	1.585	1.585	11.3392	含结构虚字
1089	发展	16	5.6867	2.5244	3.125	11.3361	含结构虚字
1090	studyJChest	3	8.166	1.585	1.585	11.3359	过长英文
1091	作用时间	5	7.0895	2.3219	1.9219	11.3334	含结构虚字
1092	急性加重的	49	3.1359	3.5061	4.6885	11.3305	含结构虚字
1093	研究表明	5	7.0858	1.9219	2.3219	11.3297	含结构虚字
1094	反复下呼吸道	3	8.8213	0.9183	1.585	11.3246	含结构虚字
1095	研究结果	9	6.4932	2.9477	1.88	11.3209	含结构虚字
1096	室内温度	4	7.8197	1.5	2.0	11.3197	含结构虚字
1097	以便能够	3	8.1417	1.585	1.585	11.3116	含结构虚字
1098	颗粒或气体	5	8.6652	0.7219	1.9219	11.3091	含结构虚字
1099	活性药物	6	7.4708	1.585	2.2516	11.3074	含结构虚字
1100	抗菌治疗指征	3	9.4708	0.9183	0.9183	11.3074	含结构虚字
1101	外科	6	6.1368	2.585	2.585	11.3068	PMI/得分/频次过低
1102	高怡	3	8.1368	1.585	1.585	11.3068	PMI/得分/频次过低
1103	慢阻肺病合并	14	5.9525	3.5216	1.8322	11.3064	含结构虚字
1104	运动试验	5	7.4624	1.9219	1.9219	11.3062	含结构虚字
1105	要终点	15	6.8782	0.9183	3.5069	11.3034	含结构虚字
1106	之一	8	5.895	2.4056	3.0	11.3006	含结构虚字
1107	深吸气量	3	8.7958	1.585	0.9183	11.2991	含结构虚字
1108	DPIpMDI	3	8.7958	1.585	0.9183	11.2991	过长英文
1109	缓疾病进展	3	8.7958	0.9183	1.585	11.2991	含结构虚字
1110	复治疗的线上	3	9.4588	0.9183	0.9183	11.2954	含结构虚字
1111	呼吸慢病防治	5	7.0505	1.9219	2.3219	11.2944	含结构虚字
1112	目前尚	4	8.2915	1.5	1.5	11.2915	含结构虚字
1113	观察到	3	8.1177	1.585	1.585	11.2877	含结构虚字
1114	抗氧化剂	3	8.1177	1.585	1.585	11.2877	PMI/得分/频次过低
1115	支气管内活瓣	3	8.7807	1.585	0.9183	11.284	PMI/得分/频次过低
1116	有害	12	6.2799	2.585	2.4183	11.2831	含结构虚字
1117	随机	9	6.2729	2.9477	2.0588	11.2794	含结构虚字
1118	流感	14	6.0932	3.3788	1.8074	11.2793	含结构虚字
1119	instable	4	7.2769	2.0	2.0	11.2769	过长英文
1120	validationoftheCOPD	3	8.7732	1.585	0.9183	11.2765	过长英文
1121	并发	27	4.8126	4.5327	1.9311	11.2764	含结构虚字
1122	JAnnAmThoracSoc	5	7.0303	1.9219	2.3219	11.2741	过长英文
1123	较低	7	5.9383	2.8074	2.5216	11.2673	含结构虚字
1124	递增	3	8.7608	1.585	0.9183	11.2641	PMI/得分/频次过低
1125	劳力	6	8.3619	2.2516	0.65	11.2636	含结构虚字
1126	300个	8	8.7583	0.9183	1.585	11.2616	PMI/得分/频次过低
1127	chronicrespiratory	5	7.5673	2.3219	1.371	11.2602	过长英文
1128	J中华	26	5.1915	4.4697	1.5962	11.2574	含结构虚字
1129	稳定期慢阻肺	13	5.2987	3.2389	2.7193	11.2569	含结构虚字
1130	发病	38	3.692	3.4022	4.1621	11.2563	含结构虚字
1131	预防全球策略	5	8.9144	0.971	1.371	11.2563	含结构虚字
1132	细菌感	6	8.3488	2.2516	0.65	11.2505	PMI/得分/频次过低
1133	敏感	5	7.8057	1.5219	1.9219	11.2496	PMI/得分/频次过低
1134	过度充气	9	6.8546	1.4466	2.9477	11.2489	含结构虚字
1135	临床上	12	5.5439	2.2842	3.4183	11.2463	PMI/得分/频次过低
1136	国内外	4	8.2454	1.5	1.5	11.2454	PMI/得分/频次过低
1137	受损	6	6.8638	1.7925	2.585	11.2413	含结构虚字
1138	运动方式	3	8.0664	1.585	1.585	11.2364	含结构虚字
1139	Ketal	7	6.1914	2.5216	2.5216	11.2347	PMI/得分/频次过低
1140	吸气流速	8	6.6665	2.4056	2.1556	11.2278	含结构虚字
1141	咳痰呼吸困难	5	7.9327	1.9219	1.371	11.2256	含结构虚字
1142	了解	6	6.3884	2.585	2.2516	11.225	含结构虚字
1143	溴铵pMDI5	3	9.3884	0.9183	0.9183	11.225	PMI/得分/频次过低
1144	球菌疫苗接种	3	9.3884	0.9183	0.9183	11.225	含结构虚字
1145	acuteexacerbationsofchronic	3	8.0528	1.585	1.585	11.2227	过长英文
1146	fortheDiagnosis	4	9.5975	0.8113	0.8113	11.22	过长英文
1147	药效学	3	8.0498	1.585	1.585	11.2197	PMI/得分/频次过低
1148	美国	5	7.3747	1.9219	1.9219	11.2186	PMI/得分/频次过低
1149	obstructivesleepapnea	3	8.7122	1.585	0.9183	11.2155	过长英文
1150	Burdenof	6	8.1709	1.7925	1.2516	11.215	过长英文
1151	onthe	6	6.3784	2.2516	2.585	11.215	PMI/得分/频次过低
1152	Effectsof	5	8.1709	0.7219	2.3219	11.2148	过长英文
1153	道感染	15	7.166	1.0389	3.0062	11.2111	含结构虚字
1154	最好	6	6.8323	2.585	1.7925	11.2098	PMI/得分/频次过低
1155	AB	5	7.3628	1.9219	1.9219	11.2067	PMI/得分/频次过低
1156	inprimary	3	8.0318	1.585	1.585	11.2017	过长英文
1157	进行综合	5	6.5557	2.3219	2.3219	11.1996	含结构虚字
1158	时可考虑	5	6.9541	2.3219	1.9219	11.198	含结构虚字
1159	险的措施	3	8.6932	0.9183	1.585	11.1965	含结构虚字
1160	JCochraneDatabaseSystRev	8	6.4453	1.75	3.0	11.1953	过长英文
1161	分枝杆菌	4	8.3827	2.0	0.8113	11.1939	含结构虚字
1162	占预计值百分	4	8.3827	2.0	0.8113	11.1939	含结构虚字
1163	始治疗	21	6.0004	1.408	3.7849	11.1933	含结构虚字
1164	气肿	32	6.5294	0.5975	4.0664	11.1932	PMI/得分/频次过低
1165	增加有关	5	7.3488	2.3219	1.5219	11.1927	含结构虚字
1166	forprevention	4	7.6906	2.0	1.5	11.1906	过长英文
1167	吸入剂	12	4.9782	2.7925	3.4183	11.189	含结构虚字
1168	COPDJNEnglJMed	4	7.1882	2.0	2.0	11.1882	过长英文
1169	JAnn	8	7.0303	2.4056	1.75	11.1859	PMI/得分/频次过低
1170	forstable	3	8.0125	1.585	1.585	11.1824	过长英文
1171	六分钟步行	3	8.6792	1.585	0.9183	11.1824	含结构虚字
1172	长效支气管	17	7.832	2.7045	0.6402	11.1767	PMI/得分/频次过低
1173	量气雾剂	5	8.5328	0.7219	1.9219	11.1766	含结构虚字
1174	不同级别	5	8.132	2.3219	0.7219	11.1759	含结构虚字
1175	多数	12	5.9736	1.9473	3.2516	11.1726	含结构虚字
1176	改变疾病进	7	8.4648	1.8424	0.8631	11.1703	含结构虚字
1177	科医生	17	7.1907	0.6402	3.3372	11.1681	含结构虚字
1178	除非	4	7.6652	2.0	1.5	11.1652	含结构虚字
1179	全球倡议	5	9.071	0.7219	1.371	11.1639	含结构虚字
1180	病史	13	4.5899	3.1808	3.3927	11.1634	PMI/得分/频次过低
1181	家族	4	8.3488	2.0	0.8113	11.1601	PMI/得分/频次过低
1182	呼吸系统疾病	12	6.2817	1.9508	2.9183	11.1509	含结构虚字
1183	etalEffectsof	4	7.6471	1.5	2.0	11.1471	过长英文
1184	运动耐	7	8.4408	1.8424	0.8631	11.1463	含结构虚字
1185	与慢阻肺	36	4.5077	3.9959	2.6423	11.1459	PMI/得分/频次过低
1186	inpatientswithCOPD	7	6.6737	2.8074	1.6645	11.1455	过长英文
1187	气道壁	4	7.1441	2.0	2.0	11.1441	含结构虚字
1188	频繁急性加重	4	7.1441	2.0	2.0	11.1441	含结构虚字
1189	缺血性心	6	8.2424	2.2516	0.65	11.144	含结构虚字
1190	统计学	4	8.1429	1.5	1.5	11.1429	含结构虚字
1191	氧饱和度	4	8.1417	1.5	1.5	11.1417	含结构虚字
1192	药代动力学	4	8.1417	1.5	1.5	11.1417	含结构虚字
1193	LCetal	3	7.9691	1.585	1.585	11.139	PMI/得分/频次过低
1194	SJetal	3	7.9691	1.585	1.585	11.139	PMI/得分/频次过低
1195	etalTiotropium	3	7.9691	1.585	1.585	11.139	过长英文
1196	etalImpactof	3	7.9691	1.585	1.585	11.139	过长英文
1197	etalArandomized	3	7.9691	1.585	1.585	11.139	过长英文
1198	etalPrevalenceand	3	7.9691	1.585	1.585	11.139	过长英文
1199	etalExercise	3	7.9691	1.585	1.585	11.139	过长英文
1200	激动剂抗胆碱	4	9.3213	0.8113	1.0	11.1325	含结构虚字
1201	医院就诊	4	8.132	1.5	1.5	11.132	含结构虚字
1202	计算	3	8.6287	1.585	0.9183	11.1319	含结构虚字
1203	驱动	4	7.6276	1.5	2.0	11.1276	含结构虚字
1204	重塑	5	6.881	1.9219	2.3219	11.1249	PMI/得分/频次过低
1205	exacerbationsofchronicobstructivepulmonary	5	8.0803	2.3219	0.7219	11.1241	过长英文
1206	种长效支气管	6	7.8859	2.585	0.65	11.1209	PMI/得分/频次过低
1207	forthediagnosismanagementand	3	8.6175	0.9183	1.585	11.1207	过长英文
1208	吸入药物	10	4.8756	3.3219	2.9219	11.1195	含结构虚字
1209	exacerbationofchronic	7	8.8601	0.5917	1.6645	11.1163	过长英文
1210	药物治疗方案	6	6.2782	2.2516	2.585	11.1148	含结构虚字
1211	启动	4	8.113	1.5	1.5	11.113	含结构虚字
1212	内科	11	6.4072	2.6635	2.0404	11.1111	PMI/得分/频次过低
1213	氧氟沙星	4	9.2996	0.8113	1.0	11.1108	PMI/得分/频次过低
1214	管舒张剂后	19	7.151	0.5907	3.3661	11.1078	PMI/得分/频次过低
1215	exacerbationsin	8	6.1989	2.75	2.1556	11.1045	过长英文
1216	以便	6	6.7266	2.585	1.7925	11.1041	含结构虚字
1217	第三	9	6.9848	2.281	1.8366	11.1025	PMI/得分/频次过低
1218	1关键点	9	8.2312	1.88	0.9911	11.1023	含结构虚字
1219	forchronicobstructivelungdisease	4	8.7901	0.8113	1.5	11.1014	过长英文
1220	关键词	3	8.5975	1.585	0.9183	11.1007	含结构虚字
1221	气体交	7	7.1441	2.8074	1.1488	11.1003	含结构虚字
1222	创通气	16	7.0566	0.5436	3.5	11.1002	含结构虚字
1223	中央	4	7.5975	1.5	2.0	11.0975	含结构虚字
1224	子版	4	8.2848	0.8113	2.0	11.0961	含结构虚字
1225	以下简称	8	8.1417	1.5488	1.4056	11.0961	含结构虚字
1226	具有协同	3	9.2571	0.9183	0.9183	11.0937	含结构虚字
1227	preventionofchronic	7	8.2752	1.6645	1.1488	11.0885	过长英文
1228	patientswithchronicobstructivepulmonary	7	7.1872	2.2359	1.6645	11.0876	过长英文
1229	impactof	4	7.5859	2.0	1.5	11.0859	过长英文
1230	相关领域	3	7.9103	1.585	1.585	11.0803	含结构虚字
1231	二病因及	3	8.5712	1.585	0.9183	11.0745	含结构虚字
1232	JIntJChronObstruct	6	7.0303	2.2516	1.7925	11.0744	过长英文
1233	最小化	3	7.8981	1.585	1.585	11.068	PMI/得分/频次过低
1234	诊治规范	3	8.5583	1.585	0.9183	11.0616	含结构虚字
1235	合并心血管疾	4	7.5615	2.0	1.5	11.0615	含结构虚字
1236	更频繁	3	7.8845	1.585	1.585	11.0545	含结构虚字
1237	气管炎	20	6.6985	0.569	3.7842	11.0516	PMI/得分/频次过低
1238	室外	7	7.7743	2.1281	1.1488	11.0512	PMI/得分/频次过低
1239	Developmentand	3	7.8805	1.585	1.585	11.0504	过长英文
1240	analysisJ	10	5.7672	2.161	3.1219	11.0501	过长英文
1241	心肌	11	6.2804	3.2776	1.4911	11.0491	PMI/得分/频次过低
1242	科学	10	5.2018	2.9219	2.9219	11.0456	PMI/得分/频次过低
1243	影像学	5	7.2018	1.5219	2.3219	11.0456	含结构虚字
1244	可导致	11	4.921	3.2776	2.8454	11.044	含结构虚字
1245	功能残气量	3	7.8738	1.585	1.585	11.0437	含结构虚字
1246	床医生	9	6.8707	1.4466	2.7255	11.0428	含结构虚字
1247	在临床上	5	6.3987	2.3219	2.3219	11.0426	含结构虚字
1248	予以	8	6.8197	1.8113	2.4056	11.0366	含结构虚字
1249	认识到	3	8.5328	1.585	0.9183	11.036	含结构虚字
1250	上级医	6	8.132	2.2516	0.65	11.0337	PMI/得分/频次过低
1251	基层医疗	23	6.4292	3.671	0.9321	11.0323	PMI/得分/频次过低
1252	systematicanalysis	3	9.1957	0.9183	0.9183	11.0323	过长英文
1253	保证	4	7.0319	2.0	2.0	11.0319	PMI/得分/频次过低
1254	低体重指数	5	7.9854	1.5219	1.5219	11.0293	含结构虚字
1255	两项	3	8.5202	1.585	0.9183	11.0234	PMI/得分/频次过低
1256	目的是	5	7.33	1.371	2.3219	11.0229	含结构虚字
1257	喹诺酮类如	3	8.516	1.585	0.9183	11.0192	含结构虚字
1258	onacute	3	7.8447	1.585	1.585	11.0146	过长英文
1259	exacerbationsofCOPD	8	7.4513	2.5	1.0613	11.0125	过长英文
1260	最小	6	6.9648	2.585	1.4591	11.0089	PMI/得分/频次过低
1261	防治	15	4.548	2.8159	3.6402	11.0042	PMI/得分/频次过低
1262	队列研究	3	7.8343	1.585	1.585	11.0042	含结构虚字
1263	进行评估	8	5.0021	3.0	3.0	11.0021	含结构虚字
1264	均应考虑	3	8.4953	0.9183	1.585	10.9985	含结构虚字
1265	中日友	7	7.5975	2.8074	0.5917	10.9965	含结构虚字
1266	JRespirRes	6	6.6152	1.7925	2.585	10.9927	过长英文
1267	缩唇呼吸	4	6.9884	2.0	2.0	10.9884	含结构虚字
1268	validationof	4	8.1709	2.0	0.8113	10.9822	过长英文
1269	开发	9	6.1536	1.88	2.9477	10.9813	含结构虚字
1270	实现	6	5.8101	2.585	2.585	10.98	含结构虚字
1271	插管	5	7.9352	0.7219	2.3219	10.9791	PMI/得分/频次过低
1272	视频	3	7.8072	1.585	1.585	10.9772	含结构虚字
1273	起始采	3	8.4708	1.585	0.9183	10.9741	含结构虚字
1274	包括年龄	4	7.4739	2.0	1.5	10.9739	含结构虚字
1275	考文献	7	7.859	0.5917	2.5216	10.9723	含结构虚字
1276	性心脏病	17	6.1397	1.4505	3.3816	10.9717	含结构虚字
1277	生物群	5	7.9277	0.7219	2.3219	10.9716	含结构虚字
1278	才能	4	6.9701	2.0	2.0	10.9701	含结构虚字
1279	心悸	3	8.4648	0.9183	1.585	10.968	PMI/得分/频次过低
1280	血流动力学	3	8.4648	1.585	0.9183	10.968	含结构虚字
1281	心血管事件	3	8.4648	0.9183	1.585	10.968	PMI/得分/频次过低
1282	气污染	15	6.729	1.0389	3.1899	10.9579	PMI/得分/频次过低
1283	院士牵头	4	8.9563	1.0	1.0	10.9563	含结构虚字
1284	不一致	6	6.9096	2.2516	1.7925	10.9538	含结构虚字
1285	strategyforthe	4	9.3295	0.8113	0.8113	10.952	过长英文
1286	转换为	3	8.4468	0.9183	1.585	10.9501	含结构虚字
1287	etalLong	5	6.706	2.3219	1.9219	10.9499	过长英文
1288	这两	4	7.4498	2.0	1.5	10.9498	含结构虚字
1289	测量	8	5.1959	3.0	2.75	10.9459	含结构虚字
1290	接受LABA	5	6.7017	2.3219	1.9219	10.9456	含结构虚字
1291	原则CPMP	4	9.3213	0.8113	0.8113	10.9438	含结构虚字
1292	优化	6	6.8981	2.585	1.4591	10.9422	PMI/得分/频次过低
1293	研究中	24	4.388	2.864	3.6887	10.9407	含结构虚字
1294	缺血性心脏病	5	6.6968	2.3219	1.9219	10.9406	含结构虚字
1295	气候变化	7	7.1441	2.1281	1.6645	10.9367	含结构虚字
1296	JInt	10	6.8928	3.1219	0.9219	10.9366	PMI/得分/频次过低
1297	病原体	8	6.3748	2.1556	2.4056	10.9361	含结构虚字
1298	cancera	5	8.0392	1.371	1.5219	10.9321	过长英文
1299	医科大学	14	8.132	2.064	0.7345	10.9306	含结构虚字
1300	etalAssociationof	3	7.7559	1.585	1.585	10.9258	过长英文
1301	inCOPDa	4	6.9237	2.0	2.0	10.9237	过长英文
1302	轻微	4	7.9227	1.5	1.5	10.9227	2字常见通用词
1303	考虑联合	5	7.0752	1.9219	1.9219	10.919	含结构虚字
1304	ofchronicobstructive	29	6.1709	3.3402	1.406	10.9171	过长英文
1305	互作用	10	7.3093	0.8813	2.7219	10.9125	含结构虚字
1306	选择性受	4	8.6008	1.5	0.8113	10.9121	含结构虚字
1307	可以提高	4	6.9103	2.0	2.0	10.9103	含结构虚字
1308	ICSLABALAMA	4	6.9062	2.0	2.0	10.9062	PMI/得分/频次过低
1309	来自	4	6.9037	2.0	2.0	10.9037	含结构虚字
1310	前驱症状	3	8.3999	1.585	0.9183	10.9031	含结构虚字
1311	两者	7	5.2875	2.8074	2.8074	10.9022	PMI/得分/频次过低
1312	重度急性加重	8	5.7464	2.4056	2.75	10.902	含结构虚字
1313	心功能不全	3	7.7278	1.585	1.585	10.8977	含结构虚字
1314	灵敏度	3	7.7266	1.585	1.585	10.8965	含结构虚字
1315	ASystematic	3	9.0588	0.9183	0.9183	10.8954	过长英文
1316	相应地	3	7.7218	1.585	1.585	10.8917	含结构虚字
1317	问卷筛查	3	7.7218	1.585	1.585	10.8917	含结构虚字
1318	肺功能下降	7	5.8466	2.5216	2.5216	10.8899	含结构虚字
1319	preventionofchronicobstructive	5	8.2446	1.9219	0.7219	10.8885	过长英文
1320	心脏病	20	6.3183	0.8476	3.7219	10.8878	PMI/得分/频次过低
1321	不清楚	3	7.717	1.585	1.585	10.8869	含结构虚字
1322	etalMortality	4	7.3841	2.0	1.5	10.8841	过长英文
1323	忌证包括	3	8.3808	0.9183	1.585	10.884	含结构虚字
1324	固定比	5	9.4397	0.7219	0.7219	10.8835	含结构虚字
1325	totiotropium	5	8.7897	1.371	0.7219	10.8826	过长英文
1326	inthetreatmentof	3	7.7098	1.585	1.585	10.8798	过长英文
1327	pulmonaryrehabilitationin	3	7.7098	1.585	1.585	10.8798	过长英文
1328	早期诊断	6	7.1668	1.7925	1.9183	10.8776	含结构虚字
1329	应用于临床	3	7.7074	1.585	1.585	10.8774	含结构虚字
1330	耐受	7	6.9752	2.5216	1.3788	10.8756	含结构虚字
1331	气体	23	3.9672	3.7579	3.1474	10.8725	含结构虚字
1332	inChina	9	7.3688	1.75	1.75	10.8688	过长英文
1333	临床医生	6	6.3633	2.585	1.9183	10.8666	含结构虚字
1334	年第大	4	8.8658	1.0	1.0	10.8658	含结构虚字
1335	其中	13	3.8303	3.7004	3.3347	10.8654	含结构虚字
1336	换异常	4	8.5519	0.8113	1.5	10.8632	含结构虚字
1337	二级及以	7	8.1417	2.1281	0.5917	10.8614	含结构虚字
1338	姑息治疗	4	6.8598	2.0	2.0	10.8598	PMI/得分/频次过低
1339	因果关	3	8.3544	1.585	0.9183	10.8577	含结构虚字
1340	一份	3	8.3544	1.585	0.9183	10.8577	含结构虚字
1341	都应	7	5.8144	2.5216	2.5216	10.8576	含结构虚字
1342	理学改变	4	8.5439	0.8113	1.5	10.8552	含结构虚字
1343	Interpretationof	4	7.849	1.5	1.5	10.849	过长英文
1344	改变疾病进程	5	8.5052	1.371	0.971	10.8471	含结构虚字
1345	自身	3	7.6745	1.585	1.585	10.8444	含结构虚字
1346	异质性	10	6.2366	1.6855	2.9219	10.844	含结构虚字
1347	液分泌	3	8.3396	0.9183	1.585	10.8429	含结构虚字
1348	价格	3	8.3396	1.585	0.9183	10.8429	含结构虚字
1349	较高	12	5.797	3.085	1.9591	10.8411	含结构虚字
1350	充足	4	8.0258	2.0	0.8113	10.8371	PMI/得分/频次过低
1351	呼吸系统	23	6.8668	2.7339	1.2362	10.8369	含结构虚字
1352	气体交换	5	7.1441	2.3219	1.371	10.8369	含结构虚字
1353	冠状	6	7.6629	2.2516	0.9183	10.8328	含结构虚字
1354	加剧	6	6.9928	1.9183	1.9183	10.8294	PMI/得分/频次过低
1355	treatmentofchronicobstructivepulmonarydisease	3	8.8265	1.0	1.0	10.8265	过长英文
1356	呼气末	3	7.6548	1.585	1.585	10.8248	PMI/得分/频次过低
1357	呼吸肌训练	3	7.6548	1.585	1.585	10.8248	含结构虚字
1358	气体陷闭	4	6.8221	2.0	2.0	10.8221	含结构虚字
1359	treatmentof	9	6.8814	1.6577	2.281	10.8202	过长英文
1360	为主	13	5.5926	3.0851	2.1416	10.8193	含结构虚字
1361	非药物治疗	5	6.5738	1.9219	2.3219	10.8177	含结构虚字
1362	胸部检查	3	7.6468	1.585	1.585	10.8168	含结构虚字
1363	每个	4	6.8149	2.0	2.0	10.8149	含结构虚字
1364	易感	7	8.0567	1.3788	1.3788	10.8142	含结构虚字
1365	有显著	10	5.7273	3.1219	1.961	10.8102	含结构虚字
1366	高温	7	6.5519	2.1281	2.1281	10.808	PMI/得分/频次过低
1367	严重程度分级	3	7.6355	1.585	1.585	10.8054	含结构虚字
1368	舒张	88	9.0961	0.8004	0.9078	10.8043	PMI/得分/频次过低
1369	thetreatmentof	5	7.9079	0.971	1.9219	10.8007	过长英文
1370	级医院	9	6.7142	1.3516	2.7255	10.7913	PMI/得分/频次过低
1371	需要进一步	4	7.2902	1.5	2.0	10.7902	含结构虚字
1372	规模	3	8.2853	0.9183	1.585	10.7885	含结构虚字
1373	针对性	8	5.2867	2.75	2.75	10.7867	含结构虚字
1374	exacerbationsofCOPDJ	6	6.6152	2.2516	1.9183	10.7852	过长英文
1375	同作用	9	6.4729	1.8911	2.4194	10.7833	含结构虚字
1376	ofchronicobstructivepulmonary	22	6.3449	3.3863	1.0477	10.7789	过长英文
1377	临床意义	4	6.7783	2.0	2.0	10.7783	PMI/得分/频次过低
1378	strategyfor	5	9.3344	0.7219	0.7219	10.7783	过长英文
1379	可能存在	6	5.608	2.585	2.585	10.7779	含结构虚字
1380	结核	67	9.0152	0.8756	0.8859	10.7767	含结构虚字
1381	相关知识	3	8.2729	0.9183	1.585	10.7762	含结构虚字
1382	学组中国医师	4	8.4648	0.8113	1.5	10.7761	含结构虚字
1383	中心	19	3.9445	2.8978	3.9321	10.7745	含结构虚字
1384	胺类如	3	8.931	0.9183	0.9183	10.7676	含结构虚字
1385	中国专家共识	3	7.5975	1.585	1.585	10.7674	含结构虚字
1386	inpatientswithchronic	9	7.3158	2.9477	0.5033	10.7668	过长英文
1387	的重要	19	3.9067	3.8269	3.0311	10.7647	含结构虚字
1388	注意的是	3	7.5931	1.585	1.585	10.763	含结构虚字
1389	正在接受	3	8.9227	0.9183	0.9183	10.7593	含结构虚字
1390	实践中	9	7.308	0.5033	2.9477	10.7589	含结构虚字
1391	bronchiectasisin	4	8.4468	1.5	0.8113	10.7581	过长英文
1392	普及	7	6.6782	1.8424	2.2359	10.7565	含结构虚字
1393	本次	5	6.1118	2.3219	2.3219	10.7557	含结构虚字
1394	腹部	3	7.5843	1.585	1.585	10.7542	含结构虚字
1395	等众	4	8.2493	1.5	1.0	10.7493	含结构虚字
1396	个µL	3	8.2364	0.9183	1.585	10.7396	PMI/得分/频次过低
1397	呼吸系统疾	16	7.4849	1.9363	1.3113	10.7325	含结构虚字
1398	阻抗训练	4	6.7308	2.0	2.0	10.7308	PMI/得分/频次过低
1399	FEV占预计值	3	7.5583	1.585	1.585	10.7282	含结构虚字
1400	炎症细胞	4	7.7281	1.5	1.5	10.7281	PMI/得分/频次过低
1401	以上医院	6	7.8259	0.65	2.2516	10.7275	含结构虚字
1402	新的研究证	3	8.8899	0.9183	0.9183	10.7265	含结构虚字
1403	etalLungfunction	3	7.554	1.585	1.585	10.7239	过长英文
1404	etalOutcomes	3	7.554	1.585	1.585	10.7239	过长英文
1405	左心	5	6.8798	2.3219	1.5219	10.7237	PMI/得分/频次过低
1406	球策略	6	8.8213	0.65	1.2516	10.723	含结构虚字
1407	12更新要点	4	7.9093	2.0	0.8113	10.7206	含结构虚字
1408	高危人	6	7.8188	2.2516	0.65	10.7204	含结构虚字
1409	新增肺康	3	8.2159	1.585	0.9183	10.7192	PMI/得分/频次过低
1410	α1	7	8.7167	1.0	1.0	10.7167	PMI/得分/频次过低
1411	包括传统	3	8.2108	0.9183	1.585	10.7141	含结构虚字
1412	chronicobstructivelungdiseaseGOLD	3	8.8765	0.9183	0.9183	10.7131	过长英文
1413	前沿	5	9.2676	0.7219	0.7219	10.7115	含结构虚字
1414	patientswithchronicobstructivepulmonarydisease	4	6.711	2.0	2.0	10.711	过长英文
1415	中国全科医学	12	7.482	1.2807	1.9473	10.71	含结构虚字
1416	流行病学调	3	8.2058	1.585	0.9183	10.709	含结构虚字
1417	randomisedcontrolledtrialJ	4	6.7083	2.0	2.0	10.7083	过长英文
1418	JIntJChronObstructPulmonDis	4	6.7083	2.0	2.0	10.7083	过长英文
1419	最新	10	6.6208	2.1219	1.961	10.7037	PMI/得分/频次过低
1420	喘息	3	8.1957	0.9183	1.585	10.699	PMI/得分/频次过低
1421	acuteexacerbationof	7	7.9783	2.1281	0.5917	10.698	过长英文
1422	事件的发生	3	8.1907	0.9183	1.585	10.694	含结构虚字
1423	社区卫生	3	8.1907	1.585	0.9183	10.694	含结构虚字
1424	新增图	3	8.1907	0.9183	1.585	10.694	PMI/得分/频次过低
1425	物的产生	3	8.1907	0.9183	1.585	10.694	含结构虚字
1426	合并心血管	6	6.8572	2.585	1.2516	10.6938	含结构虚字
1427	ventilationfor	3	8.1824	0.9183	1.585	10.6857	过长英文
1428	肺沉积	5	6.0392	2.3219	2.3219	10.6831	PMI/得分/频次过低
1429	可考虑	15	4.8395	2.7329	3.1069	10.6794	含结构虚字
1430	糖尿病	5	6.4337	1.9219	2.3219	10.6776	PMI/得分/频次过低
1431	些患者	13	5.091	2.0382	3.5466	10.6757	含结构虚字
1432	对慢阻肺	29	3.5983	4.6511	2.4259	10.6753	含结构虚字
1433	diseaseJCochrane	7	8.419	1.6645	0.5917	10.6751	过长英文
1434	我国慢阻肺	9	5.2239	2.9477	2.5033	10.6749	PMI/得分/频次过低
1435	Useof	3	8.1709	0.9183	1.585	10.6742	PMI/得分/频次过低
1436	oflife	3	8.1709	0.9183	1.585	10.6742	PMI/得分/频次过低
1437	inthetreatment	4	7.8618	2.0	0.8113	10.6731	过长英文
1438	参与	11	6.0727	2.914	1.6858	10.6725	PMI/得分/频次过低
1439	临床研究	34	6.1589	2.5047	2.0078	10.6713	含结构虚字
1440	与慢阻肺病	12	4.7301	2.9183	3.0221	10.6704	PMI/得分/频次过低
1441	右心衰	3	8.166	1.585	0.9183	10.6692	PMI/得分/频次过低
1442	新型	5	6.0236	2.3219	2.3219	10.6674	PMI/得分/频次过低
1443	吸烟情况	4	6.6665	2.0	2.0	10.6665	含结构虚字
1444	常见原因	4	8.3544	0.8113	1.5	10.6657	含结构虚字
1445	呼吸肌	10	5.4475	2.8464	2.371	10.6649	含结构虚字
1446	指南解读	3	7.4912	1.585	1.585	10.6611	PMI/得分/频次过低
1447	过度	21	5.3245	2.9444	2.3898	10.6587	含结构虚字
1448	类如	9	6.1237	2.1133	2.4194	10.6563	含结构虚字
1449	宿主因素	3	8.8188	0.9183	0.9183	10.6554	含结构虚字
1450	充分考虑	3	7.4851	1.585	1.585	10.655	含结构虚字
1451	型肺动脉高压	3	7.483	1.585	1.585	10.6529	含结构虚字
1452	一线	8	5.9969	2.1556	2.5	10.6525	含结构虚字
1453	etalAssociation	4	7.6471	1.5	1.5	10.6471	过长英文
1454	医生	34	5.0446	1.8632	3.7382	10.646	含结构虚字
1455	的主要	17	3.3377	3.7345	3.5725	10.6447	含结构虚字
1456	无创机械通气	4	7.1441	2.0	1.5	10.6441	含结构虚字
1457	气管插管	4	7.1441	1.5	2.0	10.6441	PMI/得分/频次过低
1458	外空气污染	3	8.1368	0.9183	1.585	10.6401	含结构虚字
1459	长时间	5	5.9884	2.3219	2.3219	10.6323	含结构虚字
1460	exacerbationofchronicobstructive	4	8.3199	0.8113	1.5	10.6312	过长英文
1461	acuteexacerbationofchronicobstructive	3	8.1273	1.585	0.9183	10.6305	过长英文
1462	预测值	4	7.8111	2.0	0.8113	10.6223	含结构虚字
1463	不同级别医	4	7.8101	2.0	0.8113	10.6214	含结构虚字
1464	COPDJN	6	7.4513	1.9183	1.2516	10.6212	PMI/得分/频次过低
1465	伴或不伴有	3	7.4498	1.585	1.585	10.6197	含结构虚字
1466	都没有	3	7.4498	1.585	1.585	10.6197	含结构虚字
1467	有很多	3	7.4498	1.585	1.585	10.6197	含结构虚字
1468	有肺病我	3	7.4498	1.585	1.585	10.6197	含结构虚字
1469	theGlobal	5	7.7254	1.5219	1.371	10.6183	过长英文
1470	单独使用	3	7.4468	1.585	1.585	10.6167	含结构虚字
1471	印发	3	8.113	0.9183	1.585	10.6162	含结构虚字
1472	发作的频率	3	8.113	1.585	0.9183	10.6162	含结构虚字
1473	修回日期	3	8.113	1.585	0.9183	10.6162	含结构虚字
1474	显著增加	4	7.1118	1.5	2.0	10.6118	含结构虚字
1475	BG	4	8.6108	1.0	1.0	10.6108	PMI/得分/频次过低
1476	COPDAssessment	3	8.7732	0.9183	0.9183	10.6098	过长英文
1477	一定	17	4.6671	2.5581	3.3816	10.6067	含结构虚字
1478	推荐使用	6	5.769	2.585	2.2516	10.6056	含结构虚字
1479	否需要	9	7.4601	0.5033	2.6416	10.605	含结构虚字
1480	脏病	22	6.1562	0.5304	3.914	10.6006	PMI/得分/频次过低
1481	在临床	17	4.2494	3.8522	2.4922	10.5937	含结构虚字
1482	流行	16	5.3938	3.875	1.3245	10.5932	含结构虚字
1483	特罗格隆	6	9.0243	0.9183	0.65	10.5926	含结构虚字
1484	可能会影响	4	7.5909	1.5	1.5	10.5909	含结构虚字
1485	出现急性加重	6	5.417	2.585	2.585	10.587	含结构虚字
1486	衰竭心律失常	4	8.2729	0.8113	1.5	10.5842	含结构虚字
1487	这一	9	5.132	2.7255	2.7255	10.583	含结构虚字
1488	特定	14	5.2793	2.4956	2.8074	10.5822	含结构虚字
1489	治疗策略	7	5.2519	2.5216	2.8074	10.5809	含结构虚字
1490	定量气雾剂	4	8.2689	0.8113	1.5	10.5802	含结构虚字
1491	胃食管	5	7.9352	1.9219	0.7219	10.5791	PMI/得分/频次过低
1492	LAMALAMALABA	3	7.4086	1.585	1.585	10.5785	PMI/得分/频次过低
1493	住院时间	4	7.0779	1.5	2.0	10.5779	含结构虚字
1494	白破	3	8.7412	0.9183	0.9183	10.5778	PMI/得分/频次过低
1495	阳性对照药	3	7.4047	1.585	1.585	10.5746	含结构虚字
1496	呼吸系统症状	5	6.7294	1.9219	1.9219	10.5733	含结构虚字
1497	示我国	6	8.0664	0.9183	1.585	10.5697	PMI/得分/频次过低
1498	themanagementof	3	8.0664	0.9183	1.585	10.5697	过长英文
1499	亡风险	8	7.617	0.5436	2.4056	10.5662	PMI/得分/频次过低
1500	改善患者	13	4.546	2.7774	3.2389	10.5622	含结构虚字
1501	具有重要	4	7.0607	2.0	1.5	10.5607	含结构虚字
1502	peoplewith	3	8.7218	0.9183	0.9183	10.5584	过长英文
1503	RS	4	7.0539	2.0	1.5	10.5539	PMI/得分/频次过低
1504	建议在	8	4.8038	2.75	3.0	10.5538	含结构虚字
1505	高流量	4	7.5519	1.5	1.5	10.5519	含结构虚字
1506	应尽	8	5.8006	3.0	1.75	10.5506	含结构虚字
1507	作为主要	4	7.0465	2.0	1.5	10.5465	含结构虚字
1508	晚期	3	7.376	1.585	1.585	10.546	含结构虚字
1509	急性加重期间	4	6.5399	2.0	2.0	10.5399	含结构虚字
1510	究表明	6	7.3041	0.65	2.585	10.539	含结构虚字
1511	限制	5	5.8944	2.3219	2.3219	10.5382	含结构虚字
1512	cohortJ	6	5.3673	2.585	2.585	10.5372	过长英文
1513	发病率	7	6.0624	1.6645	2.8074	10.5342	含结构虚字
1514	JPLoS	6	7.0303	2.2516	1.2516	10.5335	PMI/得分/频次过低
1515	systematicreviewJ	6	6.0303	2.2516	2.2516	10.5335	过长英文
1516	试验药物	6	6.0303	2.2516	2.2516	10.5335	PMI/得分/频次过低
1517	始治疗方案	4	7.7218	0.8113	2.0	10.5331	含结构虚字
1518	Cetal	7	4.9184	2.8074	2.8074	10.5331	PMI/得分/频次过低
1519	化碳	10	7.362	0.7219	2.4464	10.5304	PMI/得分/频次过低
1520	ofCOPDJEurRespirJ	4	7.0303	1.5	2.0	10.5303	过长英文
1521	JPLoSOne	4	7.0303	2.0	1.5	10.5303	过长英文
1522	增多	9	5.38	2.6416	2.5033	10.5248	含结构虚字
1523	体力活动	3	8.0199	0.9183	1.585	10.5231	含结构虚字
1524	力提升	3	8.6838	0.9183	0.9183	10.5204	含结构虚字
1525	JIntJ	8	6.7083	2.75	1.0613	10.5196	PMI/得分/频次过低
1526	功能和症状	3	7.3461	1.585	1.585	10.516	含结构虚字
1527	如头孢	3	7.3461	1.585	1.585	10.516	含结构虚字
1528	是否需要长期	3	8.0081	1.585	0.9183	10.5114	含结构虚字
1529	创机械通	9	9.0169	0.9911	0.5033	10.5113	含结构虚字
1530	PM	13	8.5082	1.0	1.0	10.5082	PMI/得分/频次过低
1531	标准化	5	5.8624	2.3219	2.3219	10.5063	含结构虚字
1532	赖于	4	7.0059	1.5	2.0	10.5059	含结构虚字
1533	持续气流受限	3	7.3359	1.585	1.585	10.5058	含结构虚字
1534	withchronicobstructive	17	6.6882	1.1401	2.6757	10.504	过长英文
1535	国家卫生	4	8.1907	1.5	0.8113	10.502	含结构虚字
1536	非高危个体	3	8.6652	0.9183	0.9183	10.5018	含结构虚字
1537	JNEngl	13	6.6432	3.0851	0.7732	10.5015	PMI/得分/频次过低
1538	pulmonarydiseaseJAnn	3	7.9964	1.585	0.9183	10.4997	过长英文
1539	利用	7	5.1667	2.5216	2.8074	10.4957	含结构虚字
1540	治疗后	15	3.8459	3.4566	3.1899	10.4924	PMI/得分/频次过低
1541	要点解读	4	8.1808	0.8113	1.5	10.4921	含结构虚字
1542	更多	8	5.3338	2.75	2.4056	10.4894	含结构虚字
1543	并给予	4	6.9884	1.5	2.0	10.4884	PMI/得分/频次过低
1544	溴铵DPI5	3	8.6514	0.9183	0.9183	10.488	PMI/得分/频次过低
1545	杂志2019	7	6.5866	1.6645	2.2359	10.4871	PMI/得分/频次过低
1546	日常生	8	7.1907	2.75	0.5436	10.4843	含结构虚字
1547	要点	18	5.8589	1.2752	3.3502	10.4842	含结构虚字
1548	一些患者	5	5.8358	2.3219	2.3219	10.4797	含结构虚字
1549	则必须	3	7.3068	1.585	1.585	10.4767	含结构虚字
1550	体而言	4	7.6652	0.8113	2.0	10.4765	含结构虚字
1551	创机械通气	8	6.9741	1.0	2.5	10.4741	含结构虚字
1552	好医院	7	7.0733	0.5917	2.8074	10.4724	PMI/得分/频次过低
1553	呼吸频率	6	5.9621	2.585	1.9183	10.4654	含结构虚字
1554	内科杂	5	8.7687	0.971	0.7219	10.4616	PMI/得分/频次过低
1555	再次评	4	7.461	2.0	1.0	10.461	含结构虚字
1556	COPDJ	31	4.392	2.8742	3.1906	10.4568	PMI/得分/频次过低
1557	obstructivepulmonarydiseaseJCochrane	3	7.952	1.585	0.9183	10.4553	过长英文
1558	可见	10	4.4865	2.8464	3.1219	10.4549	含结构虚字
1559	慢性咳	10	6.2108	3.3219	0.9219	10.4547	含结构虚字
1560	血氧饱	3	7.9492	1.585	0.9183	10.4525	PMI/得分/频次过低
1561	修订版指南提	4	7.6411	2.0	0.8113	10.4524	含结构虚字
1562	有创机械通气	4	6.4498	2.0	2.0	10.4498	含结构虚字
1563	低剂量	4	6.9473	2.0	1.5	10.4473	含结构虚字
1564	心血管疾	12	6.4835	2.9183	1.0409	10.4427	PMI/得分/频次过低
1565	一次发作	3	7.9394	1.585	0.9183	10.4426	含结构虚字
1566	其他疾病	8	5.6921	2.25	2.5	10.4421	含结构虚字
1567	但仍	4	6.942	2.0	1.5	10.442	含结构虚字
1568	单药治疗	5	6.5968	1.9219	1.9219	10.4407	含结构虚字
1569	毛细血管	3	7.9352	0.9183	1.585	10.4385	PMI/得分/频次过低
1570	生理	17	4.7783	2.2784	3.3816	10.4383	含结构虚字
1571	大多	10	5.756	3.3219	1.3568	10.4347	含结构虚字
1572	中国专家	6	7.5975	1.9183	0.9183	10.4341	含结构虚字
1573	并给	7	6.5328	2.5216	1.3788	10.4332	PMI/得分/频次过低
1574	11关键点	5	7.3832	2.3219	0.7219	10.4271	含结构虚字
1575	treatmentofchronicobstructive	3	7.9227	1.585	0.9183	10.426	过长英文
1576	通信	5	7.5315	1.9219	0.971	10.4244	含结构虚字
1577	率高达	5	8.7305	0.7219	0.971	10.4234	含结构虚字
1578	雾化治疗	6	5.2519	2.585	2.585	10.4218	PMI/得分/频次过低
1579	专业人	3	8.5843	0.9183	0.9183	10.4209	含结构虚字
1580	目前还	3	7.2484	1.585	1.585	10.4184	含结构虚字
1581	风险增	16	6.6367	2.9056	0.8684	10.4107	PMI/得分/频次过低
1582	diseaseJ	47	5.2902	1.269	3.8486	10.4079	过长英文
1583	炎症反应以及	3	8.5712	0.9183	0.9183	10.4078	含结构虚字
1584	提出	10	6.2023	2.8464	1.3568	10.4055	含结构虚字
1585	短效支气管	8	7.4364	2.1556	0.8113	10.4033	PMI/得分/频次过低
1586	etalEfficacyand	3	7.2321	1.585	1.585	10.402	过长英文
1587	全科医学	15	7.3717	0.5665	2.4635	10.4016	含结构虚字
1588	FJetal	5	6.706	1.371	2.3219	10.3989	PMI/得分/频次过低
1589	预防疾病进展	3	7.8953	1.585	0.9183	10.3986	含结构虚字
1590	重要的	15	3.5656	3.3232	3.5069	10.3958	含结构虚字
1591	影响治疗效果	3	8.5583	0.9183	0.9183	10.3949	含结构虚字
1592	氧浓度	4	7.3927	1.5	1.5	10.3927	含结构虚字
1593	毒感染	4	7.581	0.8113	2.0	10.3923	PMI/得分/频次过低
1594	次中度急性加	4	7.5778	2.0	0.8113	10.389	含结构虚字
1595	内酰	4	8.0733	1.5	0.8113	10.3846	PMI/得分/频次过低
1596	排出	3	7.2125	1.585	1.585	10.3825	含结构虚字
1597	J中国	13	4.7307	3.5466	2.1039	10.3812	含结构虚字
1598	出现低氧	3	7.8765	1.585	0.9183	10.3797	含结构虚字
1599	慢阻肺患	84	4.3564	4.9339	1.0889	10.3792	PMI/得分/频次过低
1600	症状和健康状	3	7.8738	1.585	0.9183	10.3771	含结构虚字
1601	全身炎症	3	7.8738	0.9183	1.585	10.3771	含结构虚字
1602	andmortalityin	3	7.2024	1.585	1.585	10.3724	过长英文
1603	呼气时	4	6.3692	2.0	2.0	10.3692	含结构虚字
1604	有创	10	5.4863	3.1219	1.761	10.3692	含结构虚字
1605	吸系统症状	7	6.9835	1.1488	2.2359	10.3683	含结构虚字
1606	学组中	8	6.897	2.4056	1.0613	10.3639	含结构虚字
1607	ofinhaled	4	6.3635	2.0	2.0	10.3635	过长英文
1608	功能变化轨迹	3	8.5265	0.9183	0.9183	10.363	含结构虚字
1609	住院治疗	8	4.6081	2.75	3.0	10.3581	PMI/得分/频次过低
1610	弹性	5	6.1111	2.3219	1.9219	10.355	含结构虚字
1611	医学杂志	6	6.1837	1.9183	2.2516	10.3536	PMI/得分/频次过低
1612	张剂前后	6	8.1783	0.9183	1.2516	10.3482	含结构虚字
1613	增大	7	5.0174	2.5216	2.8074	10.3464	含结构虚字
1614	有明显	7	5.3029	2.5216	2.5216	10.3462	含结构虚字
1615	向转	4	8.7218	0.8113	0.8113	10.3444	含结构虚字
1616	inchronicobstructive	12	5.1738	3.585	1.585	10.3437	过长英文
1617	研究方向	3	7.8343	0.9183	1.585	10.3375	含结构虚字
1618	较轻	5	6.4898	1.9219	1.9219	10.3336	含结构虚字
1619	加用罗氟司特	3	7.1627	1.585	1.585	10.3326	含结构虚字
1620	pulmonarydiseaseJCochraneDatabase	3	7.8265	0.9183	1.585	10.3298	过长英文
1621	慢阻肺的早期	4	6.3278	2.0	2.0	10.3278	含结构虚字
1622	JChinMedJ	5	7.0303	1.9219	1.371	10.3231	过长英文
1623	患者和家属	3	7.1465	1.585	1.585	10.3164	含结构虚字
1624	气体交换异常	3	7.1441	1.585	1.585	10.314	含结构虚字
1625	正压通气	3	7.1441	1.585	1.585	10.314	含结构虚字
1626	误诊	3	7.1433	1.585	1.585	10.3132	PMI/得分/频次过低
1627	炎球菌	8	8.7074	1.0613	0.5436	10.3123	PMI/得分/频次过低
1628	呼吸康复治疗	5	5.667	2.3219	2.3219	10.3108	含结构虚字
1629	康教育	8	7.3579	0.5436	2.4056	10.3071	PMI/得分/频次过低
1630	儿童期	4	7.3056	1.5	1.5	10.3056	含结构虚字
1631	基本药物治疗	5	6.8598	1.5219	1.9219	10.3037	含结构虚字
1632	急性加重住院	8	5.8029	2.0	2.5	10.3029	含结构虚字
1633	上升	5	6.4588	1.9219	1.9219	10.3026	PMI/得分/频次过低
1634	合并症等	6	5.465	2.2516	2.585	10.3016	含结构虚字
1635	科技大学	3	8.4648	0.9183	0.9183	10.3014	含结构虚字
1636	学M北京	3	8.4648	0.9183	0.9183	10.3014	PMI/得分/频次过低
1637	学会ERS	3	8.4648	0.9183	0.9183	10.3014	PMI/得分/频次过低
1638	粉吸入剂	3	7.7958	0.9183	1.585	10.2991	含结构虚字
1639	秒用力呼气量	3	7.7958	0.9183	1.585	10.2991	含结构虚字
1640	Detal	6	5.1277	2.585	2.585	10.2977	PMI/得分/频次过低
1641	目前缺	3	7.1265	1.585	1.585	10.2964	含结构虚字
1642	studyJRespir	5	7.0011	2.3219	0.971	10.294	过长英文
1643	基线时	3	7.1241	1.585	1.585	10.294	含结构虚字
1644	指导原则CPMPEWP	3	8.4528	0.9183	0.9183	10.2894	含结构虚字
1645	体力活	4	8.6652	0.8113	0.8113	10.2878	含结构虚字
1646	品的临床	3	8.4508	0.9183	0.9183	10.2874	含结构虚字
1647	诊治	39	4.5286	2.8695	2.8889	10.2869	PMI/得分/频次过低
1648	学分会	16	7.9412	0.5436	1.7988	10.2836	含结构虚字
1649	口服糖皮	3	8.4468	0.9183	0.9183	10.2834	PMI/得分/频次过低
1650	肺功能参数	5	6.0392	1.9219	2.3219	10.2831	含结构虚字
1651	图5	5	6.0379	2.3219	1.9219	10.2817	PMI/得分/频次过低
1652	出了	10	6.002	1.1568	3.1219	10.2807	含结构虚字
1653	级至LABA	3	8.4428	0.9183	0.9183	10.2794	PMI/得分/频次过低
1654	对于有	9	4.1603	3.1699	2.9477	10.2779	含结构虚字
1655	insevere	4	6.2769	2.0	2.0	10.2769	过长英文
1656	获益更	4	6.776	2.0	1.5	10.276	含结构虚字
1657	容易	3	7.7707	1.585	0.9183	10.274	含结构虚字
1658	动态监	3	8.4349	0.9183	0.9183	10.2715	含结构虚字
1659	Impactof	3	7.7559	0.9183	1.585	10.2591	过长英文
1660	用固定比值	4	7.4468	0.8113	2.0	10.2581	含结构虚字
1661	危重症	5	7.6108	1.9219	0.7219	10.2546	PMI/得分/频次过低
1662	adoubleblind	3	7.7497	1.585	0.9183	10.253	过长英文
1663	中国医	15	6.0389	2.7069	1.5058	10.2516	含结构虚字
1664	存在持续	4	6.7509	2.0	1.5	10.2509	含结构虚字
1665	最新的研究	4	8.2493	1.0	1.0	10.2493	含结构虚字
1666	提高生	8	6.4358	3.0	0.8113	10.2471	含结构虚字
1667	见表	5	5.6031	2.3219	2.3219	10.247	含结构虚字
1668	血管疾病	13	5.9248	1.352	2.9689	10.2457	PMI/得分/频次过低
1669	reviewJ	8	5.9428	1.5488	2.75	10.2416	过长英文
1670	期随访	12	6.2385	0.9799	3.0221	10.2404	含结构虚字
1671	pulmonarydiseaseJAmJRespir	11	7.701	0.8659	1.6729	10.2398	过长英文
1672	细胞增多	3	8.3999	0.9183	0.9183	10.2365	含结构虚字
1673	可以改	12	5.9928	2.9183	1.325	10.2361	含结构虚字
1674	出院	13	5.726	2.8074	1.7004	10.2338	含结构虚字
1675	治疗的效果	5	5.9889	1.9219	2.3219	10.2327	含结构虚字
1676	同时存在	5	6.7875	1.9219	1.5219	10.2313	含结构虚字
1677	污染物	6	6.5202	1.7925	1.9183	10.2309	PMI/得分/频次过低
1678	起始治疗	7	5.9718	2.1281	2.1281	10.228	含结构虚字
1679	withmoderate	3	7.7218	0.9183	1.585	10.2251	过长英文
1680	inpatientswithCOPDJ	4	6.2229	2.0	2.0	10.2229	过长英文
1681	调控	4	6.7227	1.5	2.0	10.2227	含结构虚字
1682	治疗组之间	3	7.0505	1.585	1.585	10.2204	含结构虚字
1683	治疗方	41	5.2607	3.7837	1.172	10.2164	含结构虚字
1684	最常见	7	7.4953	2.1281	0.5917	10.215	含结构虚字
1685	analysisof	6	6.1709	1.7925	2.2516	10.215	过长英文
1686	inmild	3	7.7098	1.585	0.9183	10.2131	PMI/得分/频次过低
1687	研究设计	4	7.4013	0.8113	2.0	10.2126	含结构虚字
1688	JBMC	4	6.7083	2.0	1.5	10.2083	PMI/得分/频次过低
1689	合并症如心	3	8.3713	0.9183	0.9183	10.2079	含结构虚字
1690	般人群	3	8.3713	0.9183	0.9183	10.2079	含结构虚字
1691	HY	3	8.2058	1.0	1.0	10.2058	PMI/得分/频次过低
1692	增高	9	4.532	2.7255	2.9477	10.2052	PMI/得分/频次过低
1693	的问题	9	4.0865	2.9477	3.1699	10.2041	含结构虚字
1694	准确	6	6.7003	2.585	0.9183	10.2036	含结构虚字
1695	COPDpatients	9	5.5856	2.1972	2.4194	10.2021	过长英文
1696	静脉应用	3	7.0318	1.585	1.585	10.2017	含结构虚字
1697	JNat	3	7.0303	1.585	1.585	10.2002	PMI/得分/频次过低
1698	controlledtrialsJ	3	7.0303	1.585	1.585	10.2002	过长英文
1699	parallelgroupstudyJ	3	7.0303	1.585	1.585	10.2002	过长英文
1700	JIntJChronObstructPulmon	3	7.0303	1.585	1.585	10.2002	过长英文
1701	JJThorac	3	7.0303	1.585	1.585	10.2002	过长英文
1702	JEnviron	3	7.0303	1.585	1.585	10.2002	过长英文
1703	病情进展	4	6.6968	1.5	2.0	10.1968	含结构虚字
1704	病情稳定	4	6.6968	1.5	2.0	10.1968	含结构虚字
1705	etalPrevalence	4	7.3841	2.0	0.8113	10.1954	过长英文
1706	treatmentofchronic	4	7.8828	1.5	0.8113	10.1941	过长英文
1707	报道不一	3	8.3544	0.9183	0.9183	10.191	含结构虚字
1708	尚未见	3	8.3544	0.9183	0.9183	10.191	含结构虚字
1709	遗传基因	3	8.3544	0.9183	0.9183	10.191	含结构虚字
1710	生长发育	4	8.1907	1.0	1.0	10.1907	含结构虚字
1711	遗传因素	3	7.6838	1.585	0.9183	10.1871	含结构虚字
1712	费力	3	7.6838	0.9183	1.585	10.1871	含结构虚字
1713	抑郁症状	4	6.6831	1.5	2.0	10.1831	含结构虚字
1714	密度	4	6.6822	1.5	2.0	10.1822	含结构虚字
1715	要原因燃料	4	8.1808	1.0	1.0	10.1808	含结构虚字
1716	JNEnglJ	11	6.5828	2.7322	0.8659	10.1808	过长英文
1717	inCOPDJ	7	5.1372	2.8074	2.2359	10.1805	过长英文
1718	其高度	3	7.6757	0.9183	1.585	10.1789	含结构虚字
1719	而不是	3	7.0081	1.585	1.585	10.178	含结构虚字
1720	评估病原体	3	7.6745	0.9183	1.585	10.1778	含结构虚字
1721	目前美	3	8.3359	0.9183	0.9183	10.1725	含结构虚字
1722	缓解呼吸困难	3	7.6652	1.585	0.9183	10.1685	含结构虚字
1723	吸系统疾病	14	6.3342	0.5917	3.2359	10.1618	含结构虚字
1724	在临床实践	6	6.9248	2.585	0.65	10.1598	含结构虚字
1725	腹式呼吸	3	6.9884	1.585	1.585	10.1584	含结构虚字
1726	呼吸病学M	3	7.6548	1.585	0.9183	10.1581	含结构虚字
1727	成年人	3	8.3213	0.9183	0.9183	10.1579	含结构虚字
1728	面向	4	7.3433	2.0	0.8113	10.1546	含结构虚字
1729	诱因	4	6.654	1.5	2.0	10.154	含结构虚字
1730	patientswithseverechronic	3	8.3158	0.9183	0.9183	10.1524	过长英文
1731	慢性气道疾病	4	6.6497	1.5	2.0	10.1497	含结构虚字
1732	医疗	50	4.2701	3.0606	2.8108	10.1415	PMI/得分/频次过低
1733	发作的	12	3.5332	3.4183	3.1887	10.1402	含结构虚字
1734	补充氧	3	8.2996	0.9183	0.9183	10.1362	PMI/得分/频次过低
1735	常规进行	4	6.6343	1.5	2.0	10.1343	含结构虚字
1736	arandomised	5	7.4867	1.9219	0.7219	10.1305	过长英文
1737	lungcancera	3	7.6242	1.585	0.9183	10.1274	过长英文
1738	良好	4	6.6259	1.5	2.0	10.1259	PMI/得分/频次过低
1739	inflammationin	4	7.1249	1.5	1.5	10.1249	过长英文
1740	建议使用	5	5.4809	2.3219	2.3219	10.1247	含结构虚字
1741	行走时	3	6.9541	1.585	1.585	10.1241	含结构虚字
1742	抗感染	6	6.0785	2.2516	1.7925	10.1226	PMI/得分/频次过低
1743	asystematicreviewand	3	7.6175	1.585	0.9183	10.1207	过长英文
1744	corticosteroidsand	3	7.6175	0.9183	1.585	10.1207	过长英文
1745	Prevalenceand	3	7.6175	0.9183	1.585	10.1207	过长英文
1746	通气功能	7	5.4639	2.1281	2.5216	10.1137	含结构虚字
1747	效β受	9	8.2571	1.3516	0.5033	10.112	含结构虚字
1748	全身性	9	4.7367	2.9477	2.4194	10.1038	含结构虚字
1749	吸衰竭	20	5.6099	0.569	3.9219	10.1009	含结构虚字
1750	中国成人肺部	3	7.5975	1.585	0.9183	10.1007	含结构虚字
1751	中性粒细胞	3	7.5975	0.9183	1.585	10.1007	含结构虚字
1752	专家共识J中	3	7.5975	1.585	0.9183	10.1007	含结构虚字
1753	就诊	6	7.0558	1.2516	1.7925	10.0999	含结构虚字
1754	尽可能	5	7.0528	0.7219	2.3219	10.0966	含结构虚字
1755	运动受限	5	6.8034	1.371	1.9219	10.0963	含结构虚字
1756	systematicreviewand	5	7.3544	1.371	1.371	10.0963	过长英文
1757	可以考虑将	3	7.5909	1.585	0.9183	10.0941	含结构虚字
1758	考虑加用	5	7.4468	0.7219	1.9219	10.0906	含结构虚字
1759	的可能性	5	5.4401	2.3219	2.3219	10.084	含结构虚字
1760	肺功能仪器	6	6.0392	2.2516	1.7925	10.0833	含结构虚字
1761	最大	5	5.4364	2.3219	2.3219	10.0803	含结构虚字
1762	北京人	5	7.8358	1.5219	0.7219	10.0797	含结构虚字
1763	obstructivepulmonarydiseaseinChina	3	8.2415	0.9183	0.9183	10.0781	过长英文
1764	同济医	5	8.132	0.971	0.971	10.0739	含结构虚字
1765	物治疗方案	8	6.2571	1.0613	2.75	10.0684	含结构虚字
1766	床意义	5	7.0227	0.7219	2.3219	10.0665	PMI/得分/频次过低
1767	多种因素	3	6.8953	1.585	1.585	10.0653	含结构虚字
1768	望提	3	8.2261	0.9183	0.9183	10.0627	含结构虚字
1769	J中	43	3.6883	4.9085	1.4654	10.0622	含结构虚字
1770	急性加重史	6	5.2244	2.585	2.2516	10.061	含结构虚字
1771	慢阻肺的发病	8	5.9963	1.0613	3.0	10.0576	含结构虚字
1772	困难或运动	4	8.4349	0.8113	0.8113	10.0575	含结构虚字
1773	老年医学	3	8.2193	0.9183	0.9183	10.0559	含结构虚字
1774	新药	12	4.9453	2.585	2.5221	10.0523	PMI/得分/频次过低
1775	毛细	4	8.429	0.8113	0.8113	10.0516	PMI/得分/频次过低
1776	andmortality	5	7.239	2.0	0.8113	10.0502	过长英文
1777	外还	4	7.0494	1.0	2.0	10.0494	含结构虚字
1778	了相应	3	6.8738	1.585	1.585	10.0437	含结构虚字
1779	肺功能指标	4	6.0392	2.0	2.0	10.0392	含结构虚字
1780	后续	5	5.7897	1.9219	2.3219	10.0336	含结构虚字
1781	张剂后FEV	4	7.7218	0.8113	1.5	10.0331	PMI/得分/频次过低
1782	inCOPDpatients	3	6.8618	1.585	1.585	10.0318	过长英文
1783	生命质量	3	8.1907	0.9183	0.9183	10.0273	含结构虚字
1784	生物标志物	3	8.1907	0.9183	0.9183	10.0273	含结构虚字
1785	用药	14	3.0301	3.6645	3.3249	10.0195	含结构虚字
1786	化治疗	16	3.7843	2.4835	3.75	10.0178	PMI/得分/频次过低
1787	如果初	3	7.5139	1.585	0.9183	10.0172	含结构虚字
1788	于正常轨迹	3	8.1758	0.9183	0.9183	10.0124	含结构虚字
1789	Netal	7	5.2528	2.5216	2.2359	10.0104	PMI/得分/频次过低
1790	平地	5	6.7146	1.371	1.9219	10.0075	含结构虚字
1791	theGlobalBurdenof	3	8.1709	0.9183	0.9183	10.0075	过长英文
1792	Predictorsof	3	8.1709	0.9183	0.9183	10.0075	过长英文
1793	可考虑使用	4	7.0059	1.0	2.0	10.0059	含结构虚字
1794	持续气流受	4	7.6932	1.5	0.8113	10.0045	含结构虚字
1795	深入研究	3	6.8343	1.585	1.585	10.0042	含结构虚字
1796	疑诊患者	4	7.0037	1.5	1.5	10.0037	PMI/得分/频次过低
1797	所有吸烟	4	7.6923	1.5	0.8113	10.0036	含结构虚字
1798	病进展	21	5.5345	0.549	3.9161	9.9996	含结构虚字
1799	深入研	4	7.1857	2.0	0.8113	9.997	含结构虚字
1800	药物的使用	4	6.9928	1.5	1.5	9.9928	含结构虚字
1801	肺减容	12	5.9237	3.2516	0.8167	9.9921	含结构虚字
1802	managementand	7	7.1769	1.1488	1.6645	9.9902	过长英文
1803	误吸	4	5.9884	2.0	2.0	9.9884	含结构虚字
1804	联用	8	4.2373	2.75	3.0	9.9873	含结构虚字
1805	是否具有	3	6.8123	1.585	1.585	9.9823	含结构虚字
1806	第一	22	5.585	2.197	2.197	9.979	含结构虚字
1807	以下任	3	8.1417	0.9183	0.9183	9.9782	含结构虚字
1808	可以改变	6	6.7266	1.7925	1.4591	9.9782	含结构虚字
1809	好转	3	7.4739	0.9183	1.585	9.9771	PMI/得分/频次过低
1810	草案	3	7.4688	0.9183	1.585	9.9721	含结构虚字
1811	的严重程度	17	3.9129	3.0072	3.0516	9.9717	含结构虚字
1812	理改变	6	5.9272	1.4591	2.585	9.9713	含结构虚字
1813	关注	7	5.4979	2.2359	2.2359	9.9698	含结构虚字
1814	不一致但	3	8.132	0.9183	0.9183	9.9686	含结构虚字
1815	学会	30	6.3164	0.9723	2.6798	9.9685	PMI/得分/频次过低
1816	临床研究中	7	5.3174	2.1281	2.5216	9.9671	含结构虚字
1817	一秒	5	7.869	1.371	0.7219	9.9619	含结构虚字
1818	值百分	7	8.3827	0.9852	0.5917	9.9596	含结构虚字
1819	可改善	9	4.2851	2.9477	2.7255	9.9582	含结构虚字
1820	运动能	15	5.4847	3.7736	0.6998	9.9581	含结构虚字
1821	肺过度充气	6	5.4543	2.2516	2.2516	9.9575	含结构虚字
1822	还没有	3	7.4498	1.585	0.9183	9.953	含结构虚字
1823	同时也	3	6.7826	1.585	1.585	9.9525	含结构虚字
1824	主要包	8	6.4076	3.0	0.5436	9.9512	含结构虚字
1825	改善肺功能和	4	5.951	2.0	2.0	9.951	含结构虚字
1826	共同作用	3	7.4468	0.9183	1.585	9.9501	含结构虚字
1827	广泛应用	3	7.4468	1.585	0.9183	9.9501	含结构虚字
1828	肺栓塞	8	5.0392	2.5	2.4056	9.9449	PMI/得分/频次过低
1829	期望	4	6.9431	1.5	1.5	9.9431	含结构虚字
1830	仍有	7	4.8996	2.5216	2.5216	9.9429	含结构虚字
1831	反复发生	3	7.4389	1.585	0.9183	9.9421	含结构虚字
1832	JRespir	59	6.2264	1.8361	1.8761	9.9387	过长英文
1833	二级医院	3	8.0989	0.9183	0.9183	9.9355	PMI/得分/频次过低
1834	项目	4	6.9352	1.5	1.5	9.9352	含结构虚字
1835	etalLung	6	6.0946	1.585	2.2516	9.9312	过长英文
1836	ofCOPDJEur	5	7.6855	1.5219	0.7219	9.9293	过长英文
1837	气流速	10	6.5591	0.9219	2.4464	9.9275	含结构虚字
1838	对禁忌证	4	7.1154	0.8113	2.0	9.9266	含结构虚字
1839	tothe	4	5.9235	2.0	2.0	9.9235	PMI/得分/频次过低
1840	细胞增	6	5.8782	2.2516	1.7925	9.9223	PMI/得分/频次过低
1841	定植	4	6.4209	1.5	2.0	9.9209	含结构虚字
1842	种长效	7	6.8034	2.5216	0.5917	9.9167	PMI/得分/频次过低
1843	中国专家共	4	7.5975	1.5	0.8113	9.9087	含结构虚字
1844	度来看	3	7.4047	0.9183	1.585	9.9079	含结构虚字
1845	以考虑	14	5.2908	1.2871	3.3249	9.9027	含结构虚字
1846	进行评	12	5.1284	3.585	1.1887	9.9021	含结构虚字
1847	剂前后	7	8.1597	0.5917	1.1488	9.9002	含结构虚字
1848	Eetal	6	5.0622	2.2516	2.585	9.8988	PMI/得分/频次过低
1849	小节	3	7.3922	0.9183	1.585	9.8955	含结构虚字
1850	康复治疗	12	4.8596	1.9508	3.085	9.8954	含结构虚字
1851	肺部	14	3.3871	3.182	3.3249	9.894	含结构虚字
1852	treatmentfor	3	6.723	1.585	1.585	9.8929	过长英文
1853	患者教育	6	5.0482	2.2516	2.585	9.8848	PMI/得分/频次过低
1854	日间	4	5.8839	2.0	2.0	9.8839	含结构虚字
1855	有利于	3	6.7128	1.585	1.585	9.8827	含结构虚字
1856	Ietal	4	5.8816	2.0	2.0	9.8816	PMI/得分/频次过低
1857	家属	4	7.0687	0.8113	2.0	9.88	含结构虚字
1858	可以接受	4	6.3798	1.5	2.0	9.8798	含结构虚字
1859	生理学	4	6.3773	1.5	2.0	9.8773	含结构虚字
1860	asa	3	8.0392	0.9183	0.9183	9.8758	PMI/得分/频次过低
1861	更换	7	7.859	0.8631	1.1488	9.8709	PMI/得分/频次过低
1862	方案如果	3	6.7003	1.585	1.585	9.8702	含结构虚字
1863	需要进行	5	5.2251	2.3219	2.3219	9.8689	含结构虚字
1864	病情严重程度	3	6.6968	1.585	1.585	9.8667	含结构虚字
1865	病原体感染	3	6.6968	1.585	1.585	9.8667	含结构虚字
1866	对于存在	5	5.6134	1.9219	2.3219	9.8573	含结构虚字
1867	秒用力呼气	6	7.1441	1.2516	1.4591	9.8548	含结构虚字
1868	内容包括	3	6.6803	1.585	1.585	9.8502	含结构虚字
1869	下呼吸道感染	3	7.3433	1.585	0.9183	9.8465	含结构虚字
1870	其特征是	3	8.0081	0.9183	0.9183	9.8447	含结构虚字
1871	LAMAICSLABA	3	7.3414	0.9183	1.585	9.8447	PMI/得分/频次过低
1872	病理生	9	6.6968	2.6416	0.5033	9.8416	含结构虚字
1873	项研究	5	5.9863	1.5219	2.3219	9.8301	含结构虚字
1874	据表明	3	7.3231	0.9183	1.585	9.8263	含结构虚字
1875	可逆的气	4	6.8221	1.5	1.5	9.8221	含结构虚字
1876	患者是否存在	4	6.3213	1.5	2.0	9.8213	含结构虚字
1877	慢性血栓栓塞	3	6.6497	1.585	1.585	9.8196	含结构虚字
1878	具有不同	3	6.6457	1.585	1.585	9.8156	含结构虚字
1879	简称慢阻肺	12	6.0392	0.9183	2.8554	9.8129	含结构虚字
1880	短效支	9	7.2502	2.0588	0.5033	9.8123	PMI/得分/频次过低
1881	岁以	7	6.4254	2.2359	1.1488	9.8102	含结构虚字
1882	中国医学	7	6.7636	1.6645	1.3788	9.8069	含结构虚字
1883	etalPredictorsof	3	7.9691	0.9183	0.9183	9.8056	过长英文
1884	疾病特定	5	6.7613	2.3219	0.7219	9.8051	含结构虚字
1885	肺炎球菌疫苗	5	5.5538	1.9219	2.3219	9.7977	PMI/得分/频次过低
1886	但其	5	5.1539	2.3219	2.3219	9.7977	含结构虚字
1887	长期随访	5	7.4468	1.371	0.971	9.7887	含结构虚字
1888	重症医学	5	7.1441	0.7219	1.9219	9.7879	PMI/得分/频次过低
1889	lungfunctionand	3	6.6175	1.585	1.585	9.7874	过长英文
1890	JJAMA	3	6.6152	1.585	1.585	9.7852	PMI/得分/频次过低
1891	JBMCPulmMed	3	6.6152	1.585	1.585	9.7852	过长英文
1892	如阿	4	7.4716	0.8113	1.5	9.7829	含结构虚字
1893	粉吸入	5	8.0886	0.7219	0.971	9.7815	含结构虚字
1894	在慢阻肺	26	3.1798	4.0081	2.5924	9.7803	含结构虚字
1895	管理建议	4	6.2789	1.5	2.0	9.7789	含结构虚字
1896	前尚	5	7.1301	0.7219	1.9219	9.774	含结构虚字
1897	前的FEV	3	7.2676	0.9183	1.585	9.7709	含结构虚字
1898	率和死	3	7.9338	0.9183	0.9183	9.7704	含结构虚字
1899	缺血	8	6.4767	2.75	0.5436	9.7703	PMI/得分/频次过低
1900	可治疗特	4	7.2689	1.0	1.5	9.7689	含结构虚字
1901	病负担	12	6.0338	0.65	3.085	9.7688	PMI/得分/频次过低
1902	Letal	5	5.1211	2.3219	2.3219	9.7649	PMI/得分/频次过低
1903	生物	18	4.2521	2.4739	3.0386	9.7645	含结构虚字
1904	的选择	12	3.0943	3.085	3.585	9.7643	含结构虚字
1905	diagnosisof	4	6.264	1.5	2.0	9.764	过长英文
1906	皮质激素ICS	4	6.952	0.8113	2.0	9.7633	含结构虚字
1907	无论是	3	6.5931	1.585	1.585	9.763	含结构虚字
1908	慢性呼吸系统	7	6.6497	2.5216	0.5917	9.763	含结构虚字
1909	存在明显	5	7.1187	1.9219	0.7219	9.7625	含结构虚字
1910	效β	13	7.7288	1.1401	0.8905	9.7594	PMI/得分/频次过低
1911	染空气污染	3	7.9227	0.9183	0.9183	9.7593	含结构虚字
1912	学术	5	5.1143	2.3219	2.3219	9.7581	PMI/得分/频次过低
1913	ofCOPDexacerbations	3	7.7559	1.0	1.0	9.7559	过长英文
1914	医学院附属	4	8.132	0.8113	0.8113	9.7546	含结构虚字
1915	可以改善患者	3	6.5843	1.585	1.585	9.7542	含结构虚字
1916	效受体激动剂	6	6.5022	1.0	2.2516	9.7539	含结构虚字
1917	烟者	31	4.5656	1.1446	4.0392	9.7494	PMI/得分/频次过低
1918	吸入技术	3	6.5734	1.585	1.585	9.7433	含结构虚字
1919	部影像	3	7.9062	0.9183	0.9183	9.7428	含结构虚字
1920	究中心	7	6.6283	0.5917	2.5216	9.7416	含结构虚字
1921	不可逆	4	5.7397	2.0	2.0	9.7397	含结构虚字
1922	关节	4	5.7395	2.0	2.0	9.7395	含结构虚字
1923	相应的	9	4.2881	2.7255	2.7255	9.7391	含结构虚字
1924	的发生	20	3.5722	2.7232	3.4414	9.7369	含结构虚字
1925	患者均应	4	6.7363	1.5	1.5	9.7363	含结构虚字
1926	单药治	6	6.8281	2.2516	0.65	9.7298	含结构虚字
1927	Xetal	5	5.4836	1.9219	2.3219	9.7275	PMI/得分/频次过低
1928	改善肺功	9	5.7931	2.9477	0.9864	9.7272	含结构虚字
1929	以确保	3	6.5567	1.585	1.585	9.7266	含结构虚字
1930	正压	4	6.9144	2.0	0.8113	9.7257	含结构虚字
1931	病死	22	4.9467	3.4772	1.3009	9.7249	PMI/得分/频次过低
1932	JLetal	3	6.554	1.585	1.585	9.7239	PMI/得分/频次过低
1933	提高运动	3	7.2185	1.585	0.9183	9.7217	含结构虚字
1934	Reviewand	3	7.8805	0.9183	0.9183	9.7171	过长英文
1935	一次	8	4.56	2.75	2.4056	9.7157	含结构虚字
1936	抑郁症	6	6.2108	2.2516	1.2516	9.7141	PMI/得分/频次过低
1937	考虑将	5	6.8199	0.971	1.9219	9.7128	含结构虚字
1938	低体重	6	7.1441	1.9183	0.65	9.7124	含结构虚字
1939	diseaseinChina	4	7.9011	0.8113	1.0	9.7124	过长英文
1940	能下降	10	5.6676	0.9219	3.1219	9.7114	含结构虚字
1941	症细胞浸润	3	7.8738	0.9183	0.9183	9.7104	PMI/得分/频次过低
1942	inchronicobstructivepulmonary	8	5.1614	3.0	1.5488	9.7102	过长英文
1943	therapyfor	3	6.5386	1.585	1.585	9.7085	过长英文
1944	期管理	10	5.2061	1.371	3.1219	9.699	含结构虚字
1945	功能下降	8	6.4013	0.5436	2.75	9.6949	含结构虚字
1946	性糖皮质激素	14	5.2746	1.2917	3.1281	9.6944	含结构虚字
1947	病情较	3	6.5233	1.585	1.585	9.6932	含结构虚字
1948	managementofCOPD	3	7.1882	0.9183	1.585	9.6915	过长英文
1949	多样	5	7.1982	1.5219	0.971	9.6911	含结构虚字
1950	康复可以	4	5.6879	2.0	2.0	9.6879	含结构虚字
1951	期药物治疗	9	5.6105	1.3516	2.7255	9.6876	含结构虚字
1952	在慢阻肺病	11	3.7461	3.2776	2.6635	9.6873	含结构虚字
1953	小叶中	3	7.1824	1.585	0.9183	9.6857	含结构虚字
1954	COPD临床研究中	3	7.1824	0.9183	1.585	9.6857	含结构虚字
1955	治疗失败	3	6.5149	1.585	1.585	9.6849	PMI/得分/频次过低
1956	长期维持治疗	3	6.5149	1.585	1.585	9.6849	含结构虚字
1957	活性药	7	7.1417	1.9502	0.5917	9.6835	含结构虚字
1958	心血管风	9	7.5195	1.6577	0.5033	9.6805	PMI/得分/频次过低
1959	优于	6	6.1758	2.2516	1.2516	9.6791	含结构虚字
1960	对慢阻肺病	12	4.1326	3.4183	2.1258	9.6767	含结构虚字
1961	的剂量	9	4.0865	3.1699	2.4194	9.6758	含结构虚字
1962	度需要住院或	3	7.8382	0.9183	0.9183	9.6748	含结构虚字
1963	或者可以改变	3	7.8382	0.9183	0.9183	9.6748	含结构虚字
1964	病理	23	3.7205	3.4686	2.4847	9.6738	PMI/得分/频次过低
1965	急性发作	5	5.0258	2.3219	2.3219	9.6697	含结构虚字
1966	住院史	3	6.4994	1.585	1.585	9.6693	PMI/得分/频次过低
1967	力量	7	4.3364	2.5216	2.8074	9.6654	含结构虚字
1968	pulmonarydiseaseexacerbations	4	6.1635	1.5	2.0	9.6635	过长英文
1969	patientswithCOPD	10	6.3947	0.9864	2.281	9.6622	过长英文
1970	应当在	4	5.6618	2.0	2.0	9.6618	含结构虚字
1971	forpatients	6	5.8249	2.585	1.2516	9.6615	过长英文
1972	选项	3	6.4891	1.585	1.585	9.6591	含结构虚字
1973	吸入制剂	3	6.4891	1.585	1.585	9.6591	含结构虚字
1974	后仍	6	6.2802	1.4591	1.9183	9.6576	PMI/得分/频次过低
1975	JN	15	5.4136	2.8729	1.37	9.6565	PMI/得分/频次过低
1976	的差异	9	4.2881	2.4194	2.9477	9.6552	含结构虚字
1977	免疫反	3	7.1513	1.585	0.9183	9.6546	含结构虚字
1978	属于	5	5.4103	1.9219	2.3219	9.6542	含结构虚字
1979	随访修订	4	7.1513	1.5	1.0	9.6513	含结构虚字
1980	气道病变	3	7.1441	0.9183	1.585	9.6473	含结构虚字
1981	气道平滑	3	7.1441	1.585	0.9183	9.6473	含结构虚字
1982	重症监	3	7.1441	1.585	0.9183	9.6473	PMI/得分/频次过低
1983	有创机械通	5	6.6018	2.3219	0.7219	9.6456	含结构虚字
1984	无明显	3	6.4729	1.585	1.585	9.6428	含结构虚字
1985	出现急性	8	5.581	3.0	1.0613	9.6423	含结构虚字
1986	始采	4	7.3295	0.8113	1.5	9.6408	含结构虚字
1987	reviewand	7	7.3374	1.1488	1.1488	9.635	过长英文
1988	exacerbationsinpatientswith	3	7.7958	0.9183	0.9183	9.6324	过长英文
1989	新的研究	6	6.9213	1.2516	1.4591	9.6321	含结构虚字
1990	的患者推荐	7	5.4401	2.5216	1.6645	9.6262	含结构虚字
1991	性支气管炎	11	5.6636	0.8659	3.0958	9.6253	含结构虚字
1992	中度到	3	7.1177	1.585	0.9183	9.621	含结构虚字
1993	肺总量	5	5.7762	1.5219	2.3219	9.62	含结构虚字
1994	有过敏	3	6.4498	1.585	1.585	9.6197	含结构虚字
1995	杂志2007	4	7.3077	1.5	0.8113	9.6189	PMI/得分/频次过低
1996	感染风险	5	6.1711	1.5219	1.9219	9.615	PMI/得分/频次过低
1997	发病机	5	6.5693	2.3219	0.7219	9.6131	含结构虚字
1998	达特	11	7.7993	0.9457	0.8659	9.6108	含结构虚字
1999	长期氧	9	6.6881	2.4194	0.5033	9.6108	含结构虚字
2000	及预防全	4	7.9863	0.8113	0.8113	9.6088	含结构虚字
2001	协会	8	7.0624	2.0	0.5436	9.606	含结构虚字
2002	或爬	3	7.1012	0.9183	1.585	9.6045	PMI/得分/频次过低
2003	附属第	14	8.4206	0.5917	0.5917	9.604	含结构虚字
2004	metaanalysisof	3	6.4339	1.585	1.585	9.6039	过长英文
2005	非吸烟	6	7.1004	1.2516	1.2516	9.6037	含结构虚字
2006	公认的	5	4.9547	2.3219	2.3219	9.5985	含结构虚字
2007	的效果	12	3.8958	2.4508	3.2516	9.5982	含结构虚字
2008	对照组	3	6.4266	1.585	1.585	9.5965	含结构虚字
2009	血性心	12	7.2711	1.0	1.325	9.5961	含结构虚字
2010	最常见的	6	5.2177	1.7925	2.585	9.5952	含结构虚字
2011	只是	3	6.4231	1.585	1.585	9.5931	含结构虚字
2012	发生率	5	5.348	1.9219	2.3219	9.5919	含结构虚字
2013	存在多种	3	7.088	0.9183	1.585	9.5912	含结构虚字
2014	心力	25	5.8419	3.0293	0.7196	9.5907	含结构虚字
2015	缺氧	4	6.0901	2.0	1.5	9.5901	PMI/得分/频次过低
2016	是否有	6	4.42	2.585	2.585	9.59	含结构虚字
2017	也是	7	4.9328	2.5216	2.1281	9.5825	含结构虚字
2018	的个体	13	3.8926	3.1808	2.5074	9.5808	含结构虚字
2019	种类	5	5.733	1.9219	1.9219	9.5769	含结构虚字
2020	pulmonarydiseaseJCochrane	4	7.952	0.8113	0.8113	9.5746	过长英文
2021	临床症状	7	4.2385	2.8074	2.5216	9.5675	含结构虚字
2022	耐受性	4	5.5668	2.0	2.0	9.5668	含结构虚字
2023	andassociated	3	6.3951	1.585	1.585	9.565	过长英文
2024	指南中	7	3.9454	2.8074	2.8074	9.5601	含结构虚字
2025	量表	6	4.7226	2.2516	2.585	9.5591	含结构虚字
2026	非药物	8	5.9928	2.75	0.8113	9.5541	含结构虚字
2027	医务人员监	3	7.717	0.9183	0.9183	9.5536	含结构虚字
2028	不完全可逆	3	7.717	0.9183	0.9183	9.5536	含结构虚字
2029	inpatientswithsevere	3	7.7098	0.9183	0.9183	9.5464	过长英文
2030	确诊慢阻肺	6	5.3759	2.2516	1.9183	9.5458	含结构虚字
2031	具有可逆性	3	6.3741	1.585	1.585	9.5441	含结构虚字
2032	肺功能损害	4	6.0392	2.0	1.5	9.5392	含结构虚字
2033	角度	5	7.2937	0.7219	1.5219	9.5375	含结构虚字
2034	非药物治	6	6.6355	2.2516	0.65	9.5371	含结构虚字
2035	将需要	3	6.3661	1.585	1.585	9.5361	含结构虚字
2036	少见	5	5.6915	1.9219	1.9219	9.5353	含结构虚字
2037	ICSLABAICS	3	7.0318	1.585	0.9183	9.535	PMI/得分/频次过低
2038	对于血嗜酸	3	7.0318	1.585	0.9183	9.535	含结构虚字
2039	为一线	3	7.0318	0.9183	1.585	9.535	含结构虚字
2040	reductionin	3	7.0318	0.9183	1.585	9.535	过长英文
2041	JChinMedJEngl	3	7.0303	1.585	0.9183	9.5335	过长英文
2042	JAnnTranslMed	3	7.0303	1.585	0.9183	9.5335	过长英文
2043	systematicreviewandmetaanalysisJ	3	7.0303	0.9183	1.585	9.5335	过长英文
2044	JFront	3	7.0303	0.9183	1.585	9.5335	PMI/得分/频次过低
2045	提高患者	5	4.8883	2.3219	2.3219	9.5322	含结构虚字
2046	吸气量	6	5.4859	1.7925	2.2516	9.5301	含结构虚字
2047	进行长期氧	3	7.6932	0.9183	0.9183	9.5298	含结构虚字
2048	状态下	3	7.0214	0.9183	1.585	9.5246	含结构虚字
2049	患者进行	10	3.5557	2.8464	3.1219	9.5241	含结构虚字
2050	变异	6	5.8117	1.9183	1.7925	9.5225	含结构虚字
2051	能损害	5	6.877	0.7219	1.9219	9.5209	含结构虚字
2052	JLancetRespir	8	6.7083	1.75	1.0613	9.5196	过长英文
2053	reviewandmetaanalysisJ	4	6.7083	0.8113	2.0	9.5196	过长英文
2054	见的不良反应	4	7.7074	1.0	0.8113	9.5187	含结构虚字
2055	的说明	9	4.1506	2.7255	2.6416	9.5177	含结构虚字
2056	withChronic	5	6.8738	0.7219	1.9219	9.5177	过长英文
2057	对于这	4	5.5139	2.0	2.0	9.5139	含结构虚字
2058	训练可以	3	6.3433	1.585	1.585	9.5132	含结构虚字
2059	暴露于	7	6.1252	2.2359	1.1488	9.51	含结构虚字
2060	型肺动脉	4	7.1976	1.5	0.8113	9.5089	含结构虚字
2061	者报告的结局	3	7.0037	0.9183	1.585	9.507	含结构虚字
2062	急性加重病史	3	6.3313	1.585	1.585	9.5012	含结构虚字
2063	是持续存在	3	7.6618	0.9183	0.9183	9.4983	含结构虚字
2064	研究进展	7	5.824	1.1488	2.5216	9.4945	含结构虚字
2065	吸气流速不足	3	6.9884	1.585	0.9183	9.4917	含结构虚字
2066	呼吸肌群	3	7.6548	0.9183	0.9183	9.4914	含结构虚字
2067	专科	3	6.3213	1.585	1.585	9.4912	PMI/得分/频次过低
2068	ofCOPDJ	11	5.5828	1.8676	2.0404	9.4908	过长英文
2069	的潜在	7	4.16	2.8074	2.5216	9.489	含结构虚字
2070	diseasein	14	4.9595	1.4345	3.0931	9.4871	过长英文
2071	总量	6	6.2515	0.65	2.585	9.4865	含结构虚字
2072	后应	10	3.7165	2.8464	2.9219	9.4849	含结构虚字
2073	杂志2013	4	6.4845	1.5	1.5	9.4845	PMI/得分/频次过低
2074	的基础上	7	4.4401	2.2359	2.8074	9.4834	含结构虚字
2075	定量	12	4.606	2.6258	2.2516	9.4834	含结构虚字
2076	不同病理	3	7.6457	0.9183	0.9183	9.4823	含结构虚字
2077	很重要	3	7.6457	0.9183	0.9183	9.4823	含结构虚字
2078	肺病	211	4.0914	0.9523	4.4371	9.4808	PMI/得分/频次过低
2079	1关键点1	5	7.3832	0.7219	1.371	9.4761	含结构虚字
2080	抗氧化	4	6.6635	2.0	0.8113	9.4748	PMI/得分/频次过低
2081	是否具	4	6.6635	2.0	0.8113	9.4748	含结构虚字
2082	是否存	9	7.088	1.88	0.5033	9.4712	含结构虚字
2083	尚无	3	6.9676	1.585	0.9183	9.4709	PMI/得分/频次过低
2084	所选择	5	6.8261	1.9219	0.7219	9.47	含结构虚字
2085	与特定	3	6.2978	1.585	1.585	9.4677	含结构虚字
2086	些基因	3	7.6276	0.9183	0.9183	9.4642	含结构虚字
2087	应进行	9	3.7899	2.7255	2.9477	9.4631	含结构虚字
2088	应予以	3	6.2924	1.585	1.585	9.4623	含结构虚字
2089	或不伴	4	7.8382	0.8113	0.8113	9.4607	含结构虚字
2090	inchronicobstructivepulmonarydisease	5	4.8145	2.3219	2.3219	9.4584	过长英文
2091	于高温	3	6.9534	1.585	0.9183	9.4567	含结构虚字
2092	国医师	6	7.5503	0.65	1.2516	9.4519	PMI/得分/频次过低
2093	病毒感染	3	6.2817	1.585	1.585	9.4517	PMI/得分/频次过低
2094	年修订版指南	3	6.2808	1.585	1.585	9.4508	含结构虚字
2095	ICSICS	4	5.4468	2.0	2.0	9.4468	PMI/得分/频次过低
2096	高达	7	6.4523	1.1488	1.8424	9.4435	PMI/得分/频次过低
2097	开展肺功能	3	6.9338	1.585	0.9183	9.4371	含结构虚字
2098	体重	23	3.9672	3.4686	1.9993	9.4351	含结构虚字
2099	气量与	4	6.4327	1.5	1.5	9.4327	含结构虚字
2100	闭塞	3	6.9289	1.585	0.9183	9.4322	PMI/得分/频次过低
2101	慢阻肺患病率	7	5.5312	1.9502	1.9502	9.4316	含结构虚字
2102	随访期	7	5.4609	2.5216	1.4488	9.4314	含结构虚字
2103	SM	6	6.9303	1.5	1.0	9.4303	PMI/得分/频次过低
2104	相关但	4	5.4292	2.0	2.0	9.4292	含结构虚字
2105	在平地	3	6.9248	0.9183	1.585	9.428	含结构虚字
2106	可逆性程度	3	7.5909	0.9183	0.9183	9.4275	含结构虚字
2107	可视化	3	7.5909	0.9183	0.9183	9.4275	含结构虚字
2108	可作为	5	4.7835	2.3219	2.3219	9.4274	含结构虚字
2109	中国医师	5	7.3344	0.7219	1.371	9.4273	含结构虚字
2110	不清	5	6.132	1.9219	1.371	9.4249	含结构虚字
2111	或或或	3	6.2532	1.585	1.585	9.4231	PMI/得分/频次过低
2112	结节	5	6.6799	1.371	1.371	9.4218	含结构虚字
2113	食管	6	7.5202	0.65	1.2516	9.4218	PMI/得分/频次过低
2114	的治疗应按照	5	5.1771	2.3219	1.9219	9.4209	含结构虚字
2115	LABALAMALABA	3	6.2502	1.585	1.585	9.4201	PMI/得分/频次过低
2116	性加重期间	5	6.3741	0.7219	2.3219	9.418	含结构虚字
2117	确诊断	7	6.3038	0.5917	2.5216	9.4171	含结构虚字
2118	亡风险增加	3	7.5778	0.9183	0.9183	9.4143	PMI/得分/频次过低
2119	考虑添加	3	7.5778	0.9183	0.9183	9.4143	含结构虚字
2120	部位	3	6.9062	0.9183	1.585	9.4095	含结构虚字
2121	患者体力活	3	6.9062	1.585	0.9183	9.4095	含结构虚字
2122	入技术	4	6.5958	0.8113	2.0	9.4071	PMI/得分/频次过低
2123	的严重程度和	5	4.762	2.3219	2.3219	9.4059	含结构虚字
2124	forchronicobstructive	10	6.0614	2.371	0.971	9.4033	过长英文
2125	基层医生	5	5.5585	2.3219	1.5219	9.4023	含结构虚字
2126	疗需求	4	5.4004	2.0	2.0	9.4004	含结构虚字
2127	可出现	6	4.5611	2.585	2.2516	9.3977	含结构虚字
2128	forpatientswith	4	5.897	2.0	1.5	9.397	过长英文
2129	仍存在	4	6.3934	1.5	1.5	9.3934	含结构虚字
2130	JCochraneDatabase	9	6.4998	1.4466	1.4466	9.393	过长英文
2131	etalOnce	3	7.554	0.9183	0.9183	9.3906	过长英文
2132	改善肺功能	7	5.4878	2.5216	1.3788	9.3882	含结构虚字
2133	这些症状	4	5.8866	1.5	2.0	9.3866	含结构虚字
2134	稳定期慢	16	5.0647	3.625	0.6962	9.3859	含结构虚字
2135	为其	10	4.3011	1.961	3.1219	9.384	含结构虚字
2136	obstructivepulmonarydiseasein	9	5.0776	1.88	2.4194	9.3769	过长英文
2137	治疗目标	7	5.4743	2.5216	1.3788	9.3747	含结构虚字
2138	对慢	38	3.4547	4.7871	1.1324	9.3742	含结构虚字
2139	医学研究	12	5.7468	1.8962	1.7296	9.3726	含结构虚字
2140	研究证据	4	5.8708	1.5	2.0	9.3708	含结构虚字
2141	理流程	3	6.8658	0.9183	1.585	9.3691	含结构虚字
2142	纤毛功能	4	7.5551	0.8113	1.0	9.3664	含结构虚字
2143	并不	9	3.2467	3.1699	2.9477	9.3643	含结构虚字
2144	慢阻肺是一种	5	5.9202	1.9219	1.5219	9.3641	含结构虚字
2145	减轻症状	3	6.1941	1.585	1.585	9.364	含结构虚字
2146	forexacerbationsof	3	6.8605	1.585	0.9183	9.3638	过长英文
2147	如果起始治疗	3	6.8598	1.585	0.9183	9.3631	含结构虚字
2148	制性氧疗	3	6.8598	0.9183	1.585	9.3631	含结构虚字
2149	量湿化氧疗	3	6.8598	0.9183	1.585	9.3631	含结构虚字
2150	远程医疗	3	6.8598	0.9183	1.585	9.3631	含结构虚字
2151	的内容	9	3.9096	2.5033	2.9477	9.3605	含结构虚字
2152	治疗方法	5	4.7159	2.3219	2.3219	9.3597	含结构虚字
2153	残气	7	6.3665	2.1281	0.8631	9.3577	PMI/得分/频次过低
2154	可能与	7	4.5996	2.5216	2.2359	9.3572	含结构虚字
2155	同作用机制	3	7.5202	0.9183	0.9183	9.3568	含结构虚字
2156	剂量反应	3	7.5202	0.9183	0.9183	9.3568	含结构虚字
2157	肺疾病	102	4.5927	0.5927	4.1658	9.3512	PMI/得分/频次过低
2158	静脉应	4	6.5375	2.0	0.8113	9.3488	含结构虚字
2159	慢性支	12	4.7218	3.4183	1.2075	9.3476	含结构虚字
2160	thetreatment	6	7.7769	0.9183	0.65	9.3453	过长英文
2161	可伴有	4	5.3429	2.0	2.0	9.3429	含结构虚字
2162	JAnnAm	4	7.0303	1.5	0.8113	9.3415	PMI/得分/频次过低
2163	JChronObstructPulmon	4	7.0303	0.8113	1.5	9.3415	过长英文
2164	等多种	3	6.1713	1.585	1.585	9.3412	含结构虚字
2165	评估测试	3	7.5046	0.9183	0.9183	9.3412	含结构虚字
2166	可能在	8	3.9338	3.0	2.4056	9.3395	含结构虚字
2167	困难症状	9	5.3867	1.4466	2.5033	9.3366	含结构虚字
2168	安全性考虑	3	6.833	0.9183	1.585	9.3362	含结构虚字
2169	疗应按照	7	6.2078	0.5917	2.5216	9.3211	含结构虚字
2170	lungdisease	8	6.3706	0.5436	2.4056	9.3198	过长英文
2171	缓解症状	3	6.8156	0.9183	1.585	9.3188	含结构虚字
2172	图4	4	5.3182	2.0	2.0	9.3182	PMI/得分/频次过低
2173	查问卷	7	6.7743	0.5917	1.9502	9.3162	PMI/得分/频次过低
2174	气管	161	6.0445	0.5836	2.6833	9.3114	PMI/得分/频次过低
2175	COPDa	7	4.8391	1.6645	2.8074	9.3109	PMI/得分/频次过低
2176	理干预	5	6.0178	0.971	2.3219	9.3107	含结构虚字
2177	善低氧血症	3	7.4739	0.9183	0.9183	9.3105	含结构虚字
2178	可以减少	4	5.8072	2.0	1.5	9.3072	含结构虚字
2179	主要症状	5	5.0631	1.9219	2.3219	9.307	含结构虚字
2180	了对	7	3.9752	2.8074	2.5216	9.3042	含结构虚字
2181	反复下呼吸	4	6.9884	1.5	0.8113	9.2997	含结构虚字
2182	见的有	7	5.3992	1.3788	2.5216	9.2996	含结构虚字
2183	症如心力衰竭	3	7.4588	0.9183	0.9183	9.2954	含结构虚字
2184	为首选	3	6.1249	1.585	1.585	9.2948	含结构虚字
2185	缺血性	7	6.1815	2.5216	0.5917	9.2948	含结构虚字
2186	量减	7	4.9307	2.5216	1.8424	9.2947	含结构虚字
2187	LABAICSLABA	3	6.7907	0.9183	1.585	9.294	PMI/得分/频次过低
2188	级诊疗	7	6.8598	0.5917	1.8424	9.2939	PMI/得分/频次过低
2189	或次	8	4.0438	2.5	2.75	9.2938	含结构虚字
2190	疗法	10	4.4004	1.771	3.1219	9.2933	含结构虚字
2191	阻肺的早期	5	6.649	0.7219	1.9219	9.2929	含结构虚字
2192	疾病的严重程	5	6.2467	2.3219	0.7219	9.2906	含结构虚字
2193	状态改	3	6.7863	1.585	0.9183	9.2896	含结构虚字
2194	意见	5	5.9945	0.971	2.3219	9.2874	含结构虚字
2195	管壁	4	6.4758	0.8113	2.0	9.287	PMI/得分/频次过低
2196	JChronObstruct	7	7.0303	0.5917	1.6645	9.2864	过长英文
2197	呼吸困难指数	3	6.7807	0.9183	1.585	9.284	含结构虚字
2198	强度	4	5.2837	2.0	2.0	9.2837	含结构虚字
2199	交互作用	3	7.4468	0.9183	0.9183	9.2834	含结构虚字
2200	协同作用	3	7.4468	0.9183	0.9183	9.2834	含结构虚字
2201	用辅助呼吸肌	3	7.4468	0.9183	0.9183	9.2834	含结构虚字
2202	吸入技	4	6.4712	2.0	0.8113	9.2825	含结构虚字
2203	更新慢阻肺病	4	5.7812	2.0	1.5	9.2812	PMI/得分/频次过低
2204	有大量	4	6.2799	1.5	1.5	9.2799	含结构虚字
2205	治疗应按照	6	6.3774	0.65	2.2516	9.2791	含结构虚字
2206	以减少	7	5.091	1.6645	2.5216	9.2772	含结构虚字
2207	预先	3	6.1071	1.585	1.585	9.277	含结构虚字
2208	常用的	6	4.4401	2.2516	2.585	9.2767	含结构虚字
2209	未能	6	4.4396	2.2516	2.585	9.2762	含结构虚字
2210	均可	5	4.6274	2.3219	2.3219	9.2713	含结构虚字
2211	阳性	8	5.4672	2.5	1.2988	9.266	含结构虚字
2212	究进展	8	5.9719	0.5436	2.75	9.2654	含结构虚字
2213	2更新要点	5	7.167	0.7219	1.371	9.2598	含结构虚字
2214	ofRespiratory	3	6.7559	0.9183	1.585	9.2591	过长英文
2215	疾病进	25	4.9897	3.3174	0.951	9.2582	含结构虚字
2216	体重减	3	6.7546	1.585	0.9183	9.2579	含结构虚字
2217	以上人群	3	7.4202	0.9183	0.9183	9.2568	含结构虚字
2218	药物治疗方	7	6.143	2.5216	0.5917	9.2563	含结构虚字
2219	学特征	4	5.2553	2.0	2.0	9.2553	含结构虚字
2220	期慢阻肺患者	9	5.1744	1.3516	2.7255	9.2515	含结构虚字
2221	新版	4	5.7514	1.5	2.0	9.2514	PMI/得分/频次过低
2222	学证据	6	6.3493	0.65	2.2516	9.251	含结构虚字
2223	或其他	5	4.6055	2.3219	2.3219	9.2494	含结构虚字
2224	度占预计值	4	5.7493	1.5	2.0	9.2493	含结构虚字
2225	医生应	6	5.2049	1.4591	2.585	9.2491	含结构虚字
2226	多项	3	6.0779	1.585	1.585	9.2479	含结构虚字
2227	为短效	4	5.7464	1.5	2.0	9.2464	含结构虚字
2228	也应	6	4.4098	2.2516	2.585	9.2464	含结构虚字
2229	协会呼吸	7	6.9884	1.6645	0.5917	9.2446	含结构虚字
2230	并非	6	5.1949	2.2516	1.7925	9.239	含结构虚字
2231	血管疾	18	6.294	1.5577	1.3863	9.238	PMI/得分/频次过低
2232	志2019	8	6.5369	0.5436	2.1556	9.2361	PMI/得分/频次过低
2233	选择性受体阻	3	6.7308	1.585	0.9183	9.2341	含结构虚字
2234	肺功能参	7	5.8466	2.5216	0.8631	9.2313	含结构虚字
2235	进一步增	3	6.0604	1.585	1.585	9.2303	含结构虚字
2236	者常合并	4	6.4187	0.8113	2.0	9.23	含结构虚字
2237	因此不	4	5.2251	2.0	2.0	9.2251	含结构虚字
2238	studyJAmJRespir	3	7.3884	0.9183	0.9183	9.225	过长英文
2239	的患病率	11	4.4401	2.0495	2.7322	9.2217	含结构虚字
2240	明显增	4	6.2216	1.5	1.5	9.2216	含结构虚字
2241	大学第	7	6.8567	1.3788	0.9852	9.2207	含结构虚字
2242	心力衰竭心	5	6.3273	1.5219	1.371	9.2202	含结构虚字
2243	长期随	6	6.7769	1.7925	0.65	9.2194	含结构虚字
2244	肺容量	4	5.7173	2.0	1.5	9.2173	含结构虚字
2245	恶心	4	6.2169	1.5	1.5	9.2169	PMI/得分/频次过低
2246	应根据	5	4.5699	2.3219	2.3219	9.2138	含结构虚字
2247	呼吸困难问卷	3	6.0437	1.585	1.585	9.2137	含结构虚字
2248	定量吸入	4	7.5909	0.8113	0.8113	9.2134	含结构虚字
2249	肺心病	3	6.0392	1.585	1.585	9.2092	PMI/得分/频次过低
2250	forchronic	12	5.8696	2.5221	0.8167	9.2083	过长英文
2251	暴露于有	5	6.9643	1.5219	0.7219	9.2082	含结构虚字
2252	氧化物	6	6.0347	1.585	1.585	9.2047	PMI/得分/频次过低
2253	可以改善	5	5.5114	2.3219	1.371	9.2043	含结构虚字
2254	适当的	7	4.16	2.2359	2.8074	9.2033	含结构虚字
2255	源性	15	5.6372	1.8716	1.6923	9.201	含结构虚字
2256	病全球倡议GOLD	3	6.6968	0.9183	1.585	9.2	含结构虚字
2257	群特征	3	6.6968	0.9183	1.585	9.2	含结构虚字
2258	基层呼吸慢病	3	6.6968	1.585	0.9183	9.2	含结构虚字
2259	治疗场所	3	6.0295	1.585	1.585	9.1994	含结构虚字
2260	湿化	4	7.5761	0.8113	0.8113	9.1987	PMI/得分/频次过低
2261	需要进	9	5.2597	2.9477	0.9911	9.1985	含结构虚字
2262	JAetal	4	6.3841	0.8113	2.0	9.1954	PMI/得分/频次过低
2263	生长	11	4.5949	2.2313	2.3685	9.1947	含结构虚字
2264	肺部疾病	3	6.0243	1.585	1.585	9.1942	含结构虚字
2265	应遵循	6	7.2924	1.2516	0.65	9.1941	含结构虚字
2266	和实验室	3	6.0214	1.585	1.585	9.1913	含结构虚字
2267	心电	4	6.3773	2.0	0.8113	9.1886	PMI/得分/频次过低
2268	未来急性	4	6.3741	2.0	0.8113	9.1854	含结构虚字
2269	者考虑加用	4	6.6818	1.0	1.5	9.1818	含结构虚字
2270	要原因	7	6.5287	0.9852	1.6645	9.1784	含结构虚字
2271	血压	9	5.7268	0.5033	2.9477	9.1778	含结构虚字
2272	病原	15	3.8092	3.1899	2.1736	9.1727	PMI/得分/频次过低
2273	因素共同	3	7.3359	0.9183	0.9183	9.1725	含结构虚字
2274	CD	3	6.6664	1.585	0.9183	9.1696	PMI/得分/频次过低
2275	继发	3	5.9975	1.585	1.585	9.1674	含结构虚字
2276	缓慢	6	4.3278	2.585	2.2516	9.1644	PMI/得分/频次过低
2277	充气	11	5.0185	0.8659	3.2776	9.162	PMI/得分/频次过低
2278	动耐	10	7.002	1.1568	1.0	9.1587	含结构虚字
2279	年将	4	5.6564	2.0	1.5	9.1564	含结构虚字
2280	临床医学研	7	7.9727	0.5917	0.5917	9.1561	含结构虚字
2281	应用抗	5	5.862	1.9219	1.371	9.1549	含结构虚字
2282	肺源性心脏病	9	5.8872	0.9864	2.281	9.1547	含结构虚字
2283	影响因此	3	6.6514	0.9183	1.585	9.1547	含结构虚字
2284	率和	14	3.4159	2.5567	3.182	9.1546	含结构虚字
2285	慢性咳嗽咳痰	3	6.6497	1.585	0.9183	9.153	含结构虚字
2286	度急性加重	16	4.2228	1.6494	3.2806	9.1528	含结构虚字
2287	moderatechronic	3	7.3158	0.9183	0.9183	9.1524	过长英文
2288	分辨	5	7.7046	0.7219	0.7219	9.1484	含结构虚字
2289	患病率越高	4	7.1465	1.0	1.0	9.1465	含结构虚字
2290	患病率高达	4	7.1465	1.0	1.0	9.1465	含结构虚字
2291	forchronicobstructivepulmonarydisease	4	5.6433	2.0	1.5	9.1433	过长英文
2292	和注意事项	5	6.4953	0.7219	1.9219	9.1391	含结构虚字
2293	气量	17	3.6617	2.0949	3.3816	9.1381	含结构虚字
2294	速度	5	5.2937	1.5219	2.3219	9.1375	含结构虚字
2295	与呼吸机	3	7.2978	0.9183	0.9183	9.1344	含结构虚字
2296	或联合治疗	3	5.9637	1.585	1.585	9.1336	含结构虚字
2297	以改善患者	4	6.3213	0.8113	2.0	9.1325	含结构虚字
2298	极重度慢阻肺	3	5.9609	1.585	1.585	9.1308	含结构虚字
2299	COPDJEurRespirJ	5	6.2371	1.371	1.5219	9.13	过长英文
2300	案后应	3	7.2924	0.9183	0.9183	9.129	含结构虚字
2301	应用辅助	3	7.2924	0.9183	0.9183	9.129	含结构虚字
2302	的任何	8	4.1182	2.5	2.5	9.1182	含结构虚字
2303	教授团队的	4	5.1182	2.0	2.0	9.1182	含结构虚字
2304	越高	5	6.8738	0.7219	1.5219	9.1177	PMI/得分/频次过低
2305	患者是否存	5	6.4733	1.9219	0.7219	9.1171	含结构虚字
2306	气流受限的	10	3.1473	3.3219	2.6464	9.1157	含结构虚字
2307	其是	20	4.8624	0.569	3.6842	9.1156	含结构虚字
2308	上医院	7	5.9993	0.5917	2.5216	9.1126	PMI/得分/频次过低
2309	问卷如	4	5.6091	1.5	2.0	9.1091	含结构虚字
2310	修改	4	5.1083	2.0	2.0	9.1083	含结构虚字
2311	利于	5	5.4103	1.371	2.3219	9.1032	含结构虚字
2312	且与	5	5.2571	1.9219	1.9219	9.101	PMI/得分/频次过低
2313	呼吸困难症状	6	4.931	2.2516	1.9183	9.101	含结构虚字
2314	路径中	3	6.5975	0.9183	1.585	9.1007	含结构虚字
2315	慢性呼吸	13	3.826	3.3927	1.8811	9.0999	含结构虚字
2316	方程	7	4.4492	2.5216	2.1281	9.099	含结构虚字
2317	显著增	5	6.4534	1.9219	0.7219	9.0972	含结构虚字
2318	实质	6	5.9265	1.2516	1.9183	9.0964	含结构虚字
2319	植入	4	6.5958	1.5	1.0	9.0958	PMI/得分/频次过低
2320	的重要性	5	4.4481	2.3219	2.3219	9.092	含结构虚字
2321	引起的	8	3.6852	3.0	2.4056	9.0909	含结构虚字
2322	进行了	5	4.8452	1.9219	2.3219	9.0891	含结构虚字
2323	的鉴别诊断	5	4.4401	2.3219	2.3219	9.084	含结构虚字
2324	同时具	3	6.5778	1.585	0.9183	9.081	含结构虚字
2325	临床疗效	4	5.5804	1.5	2.0	9.0804	PMI/得分/频次过低
2326	一般不	3	5.9096	1.585	1.585	9.0796	含结构虚字
2327	长效抗	4	6.0785	2.0	1.0	9.0785	PMI/得分/频次过低
2328	治疗效果	8	5.1226	2.4056	1.5488	9.0771	PMI/得分/频次过低
2329	患者出院后	3	5.9062	1.585	1.585	9.0761	含结构虚字
2330	patientswithCOPDJ	5	6.0303	0.7219	2.3219	9.0741	过长英文
2331	metaanalysisJ	5	6.0303	0.7219	2.3219	9.0741	过长英文
2332	增强	3	5.9028	1.585	1.585	9.0727	PMI/得分/频次过低
2333	教育和	7	4.7077	2.1281	2.2359	9.0717	含结构虚字
2334	或者可以	4	6.7583	1.5	0.8113	9.0696	含结构虚字
2335	年人	9	4.9913	1.3516	2.7255	9.0685	含结构虚字
2336	中重度	7	4.7044	2.5216	1.8424	9.0684	含结构虚字
2337	调好	6	6.8323	0.65	1.585	9.0673	含结构虚字
2338	肺患者	75	3.2237	0.5082	5.3333	9.0651	PMI/得分/频次过低
2339	示气道	3	5.892	1.585	1.585	9.0619	含结构虚字
2340	常活动	6	6.493	0.65	1.9183	9.0613	含结构虚字
2341	氧合	6	3.8902	2.585	2.585	9.0601	含结构虚字
2342	外空	4	7.4364	0.8113	0.8113	9.059	含结构虚字
2343	能受损	3	6.5551	0.9183	1.585	9.0583	含结构虚字
2344	度分级	5	5.7631	1.371	1.9219	9.056	含结构虚字
2345	管理干预	3	6.5519	0.9183	1.585	9.0551	含结构虚字
2346	是慢阻肺病	7	3.4404	2.8074	2.8074	9.0551	含结构虚字
2347	是慢	43	3.7184	4.656	0.678	9.0524	含结构虚字
2348	明显的	10	3.8078	2.3219	2.9219	9.0517	含结构虚字
2349	临床表	9	5.3775	3.1699	0.5033	9.0507	PMI/得分/频次过低
2350	合制剂	4	6.0494	1.0	2.0	9.0494	含结构虚字
2351	YC	3	7.0482	1.0	1.0	9.0482	PMI/得分/频次过低
2352	Asystematic	3	7.2108	0.9183	0.9183	9.0474	过长英文
2353	成年	6	5.6694	1.9183	1.4591	9.0469	含结构虚字
2354	JChinese	5	5.3522	2.3219	1.371	9.0451	过长英文
2355	频次	3	5.8708	1.585	1.585	9.0407	含结构虚字
2356	肺炎链球菌	4	6.0392	1.5	1.5	9.0392	PMI/得分/频次过低
2357	进行评价	3	5.8632	1.585	1.585	9.0331	含结构虚字
2358	生存期	3	6.528	0.9183	1.585	9.0313	含结构虚字
2359	荐使用	7	5.9174	0.5917	2.5216	9.0307	含结构虚字
2360	临床试验中	3	5.8605	1.585	1.585	9.0304	含结构虚字
2361	营养状	3	6.5254	1.585	0.9183	9.0287	含结构虚字
2362	JCochrane	11	6.4897	1.6729	0.8659	9.0285	过长英文
2363	等燃	4	7.0269	1.0	1.0	9.0269	含结构虚字
2364	联合吸入	3	5.8569	1.585	1.585	9.0268	含结构虚字
2365	COPDexacerbations	4	5.5253	1.5	2.0	9.0253	过长英文
2366	药物干预	4	5.5233	1.5	2.0	9.0233	含结构虚字
2367	学组	13	5.5954	2.1888	1.2389	9.0231	含结构虚字
2368	见图	3	5.8519	1.585	1.585	9.0219	含结构虚字
2369	罕见的	5	5.1771	2.3219	1.5219	9.0209	含结构虚字
2370	中科技	3	7.1824	0.9183	0.9183	9.019	含结构虚字
2371	解读J中	3	7.1824	0.9183	0.9183	9.019	含结构虚字
2372	方案中	7	4.5468	1.9502	2.5216	9.0187	含结构虚字
2373	物质	8	4.3623	1.9056	2.75	9.018	含结构虚字
2374	烟情况	5	5.9733	0.7219	2.3219	9.0172	含结构虚字
2375	皮细胞	3	6.5134	0.9183	1.585	9.0166	PMI/得分/频次过低
2376	EC	4	7.0158	1.0	1.0	9.0158	PMI/得分/频次过低
2377	级至	7	6.9746	0.5917	1.4488	9.0151	PMI/得分/频次过低
2378	流量	8	4.5104	2.0	2.5	9.0104	含结构虚字
2379	换为	4	6.1989	0.8113	2.0	9.0101	含结构虚字
2380	阻塞	153	6.426	1.1566	1.4258	9.0084	PMI/得分/频次过低
2381	COPDJEurRespir	6	6.8987	1.4591	0.65	9.0079	过长英文
2382	会影响	6	5.503	1.2516	2.2516	9.0063	含结构虚字
2383	治疗效果的	5	4.762	1.9219	2.3219	9.0059	含结构虚字
2384	PHCOPD	3	5.8346	1.585	1.585	9.0045	PMI/得分/频次过低
2385	与非吸烟者	4	7.0037	1.0	1.0	9.0037	含结构虚字
2386	及时	8	3.7447	2.75	2.5	8.9947	含结构虚字
2387	过培训	3	7.1562	0.9183	0.9183	8.9928	含结构虚字
2388	随访管理	4	6.6774	0.8113	1.5	8.9887	PMI/得分/频次过低
2389	研究发现	4	5.9863	1.5	1.5	8.9863	含结构虚字
2390	确地	5	6.3378	0.7219	1.9219	8.9816	含结构虚字
2391	重度缺乏	3	7.1441	0.9183	0.9183	8.9807	含结构虚字
2392	发生肺炎	3	6.4754	0.9183	1.585	8.9787	含结构虚字
2393	surgeryJ	3	5.8079	1.585	1.585	8.9778	过长英文
2394	推荐升	5	7.5328	0.7219	0.7219	8.9766	含结构虚字
2395	导联	4	4.9763	2.0	2.0	8.9763	含结构虚字
2396	大学第一	3	7.132	0.9183	0.9183	8.9686	含结构虚字
2397	起到	3	5.7958	1.585	1.585	8.9657	含结构虚字
2398	先前	3	6.4603	1.585	0.9183	8.9635	含结构虚字
2399	原体	10	5.1927	0.9219	2.8464	8.9611	含结构虚字
2400	一秒用力呼气	4	7.1441	0.8113	1.0	8.9553	含结构虚字
2401	肺实质	4	5.4543	2.0	1.5	8.9543	含结构虚字
2402	有待	3	6.4498	0.9183	1.585	8.953	含结构虚字
2403	量FVC	5	5.9083	0.7219	2.3219	8.9521	含结构虚字
2404	未来急性加重	3	6.4468	1.585	0.9183	8.9501	含结构虚字
2405	较好	3	5.7779	1.585	1.585	8.9478	含结构虚字
2406	即可	4	4.947	2.0	2.0	8.947	含结构虚字
2407	forchronicobstructivepulmonary	6	5.897	1.7925	1.2516	8.9411	过长英文
2408	内外	7	6.1113	0.9852	1.8424	8.9389	PMI/得分/频次过低
2409	存在不	6	4.1023	2.585	2.2516	8.9389	含结构虚字
2410	可能在慢阻肺	3	5.7682	1.585	1.585	8.9381	含结构虚字
2411	outcomesof	3	6.4339	0.9183	1.585	8.9372	过长英文
2412	和抑郁	6	5.0954	1.2516	2.585	8.932	含结构虚字
2413	和健康状况	5	4.6879	1.9219	2.3219	8.9318	含结构虚字
2414	常用	12	3.218	3.4183	2.2925	8.9288	含结构虚字
2415	研究时间	4	4.9274	2.0	2.0	8.9274	含结构虚字
2416	JMed	20	4.4942	0.8476	3.5842	8.926	PMI/得分/频次过低
2417	急诊	10	3.5538	2.4464	2.9219	8.9222	PMI/得分/频次过低
2418	NEnglJ	15	6.8497	1.37	0.6998	8.9195	PMI/得分/频次过低
2419	重风险	20	4.9268	0.569	3.4219	8.9178	PMI/得分/频次过低
2420	症如心	4	7.2888	0.8113	0.8113	8.9114	含结构虚字
2421	态下	4	6.0954	0.8113	2.0	8.9066	含结构虚字
2422	患者经过	3	5.7363	1.585	1.585	8.9062	含结构虚字
2423	则需	4	4.9042	2.0	2.0	8.9042	含结构虚字
2424	不适合	3	6.3951	1.585	0.9183	8.8983	含结构虚字
2425	中承担	4	7.2755	0.8113	0.8113	8.8981	含结构虚字
2426	可以采用	3	6.3922	0.9183	1.585	8.8955	含结构虚字
2427	培训后	3	7.0528	0.9183	0.9183	8.8894	PMI/得分/频次过低
2428	治疗能显著	3	7.0505	0.9183	0.9183	8.8871	含结构虚字
2429	治疗特质及	3	7.0505	0.9183	0.9183	8.8871	含结构虚字
2430	加强	5	5.0417	1.9219	1.9219	8.8856	PMI/得分/频次过低
2431	其他诊断	4	6.3848	1.0	1.5	8.8848	含结构虚字
2432	标志	8	6.0109	1.8113	1.0613	8.8834	含结构虚字
2433	发生次	4	5.3814	1.5	2.0	8.8814	含结构虚字
2434	缓解呼吸	4	6.069	2.0	0.8113	8.8803	含结构虚字
2435	学科	8	4.8798	1.5	2.5	8.8798	PMI/得分/频次过低
2436	定义为	3	5.7098	1.585	1.585	8.8798	含结构虚字
2437	本指	7	5.4788	2.8074	0.5917	8.8778	含结构虚字
2438	性治疗研究	3	6.3741	0.9183	1.585	8.8774	含结构虚字
2439	如下	5	4.2306	2.3219	2.3219	8.8744	含结构虚字
2440	应用于	6	4.8301	2.2516	1.7925	8.8742	含结构虚字
2441	的处理	6	3.7031	2.585	2.585	8.8731	含结构虚字
2442	疾病以下简称	4	7.2467	0.8113	0.8113	8.8693	含结构虚字
2443	JPulmPharmacol	3	7.0303	0.9183	0.9183	8.8669	过长英文
2444	病理改变	3	5.6968	1.585	1.585	8.8667	含结构虚字
2445	次随访	3	5.6968	1.585	1.585	8.8667	含结构虚字
2446	处方	3	5.695	1.585	1.585	8.8649	含结构虚字
2447	组学	5	4.2169	2.3219	2.3219	8.8607	含结构虚字
2448	是首选	3	5.6862	1.585	1.585	8.8561	含结构虚字
2449	恰当的	4	4.8551	2.0	2.0	8.8551	含结构虚字
2450	对肺功能	7	3.5206	2.5216	2.8074	8.8496	含结构虚字
2451	诊疗	17	3.14	2.4165	3.2928	8.8492	PMI/得分/频次过低
2452	治指南年	9	6.8985	0.5033	1.4466	8.8484	含结构虚字
2453	和治疗指南	3	6.3433	0.9183	1.585	8.8465	含结构虚字
2454	最常	9	5.4364	2.6416	0.7642	8.8422	含结构虚字
2455	好的	13	3.3077	1.9878	3.5466	8.842	含结构虚字
2456	非药	9	5.6111	2.7255	0.5033	8.8399	含结构虚字
2457	衰竭时	4	4.8387	2.0	2.0	8.8387	含结构虚字
2458	添加治疗	3	5.667	1.585	1.585	8.8369	PMI/得分/频次过低
2459	和病死率	5	4.9928	1.9219	1.9219	8.8366	含结构虚字
2460	用短效	6	5.3313	2.2516	1.2516	8.8346	含结构虚字
2461	withacute	4	7.2108	0.8113	0.8113	8.8334	过长英文
2462	感染是慢	4	6.3278	1.0	1.5	8.8278	含结构虚字
2463	据显示	3	6.3231	0.9183	1.585	8.8263	含结构虚字
2464	吸烟者戒	3	6.9884	0.9183	0.9183	8.825	含结构虚字
2465	患者常合并	3	6.3213	0.9183	1.585	8.8245	含结构虚字
2466	越大	3	6.9848	0.9183	0.9183	8.8214	含结构虚字
2467	种三	3	5.6514	1.585	1.585	8.8213	PMI/得分/频次过低
2468	联合使用	3	5.6477	1.585	1.585	8.8176	含结构虚字
2469	较高的	6	4.4401	2.585	1.7925	8.8175	含结构虚字
2470	与口服	3	5.6457	1.585	1.585	8.8156	PMI/得分/频次过低
2471	者出院后	4	6.0037	0.8113	2.0	8.815	含结构虚字
2472	抗炎	4	4.8126	2.0	2.0	8.8126	PMI/得分/频次过低
2473	接口	3	5.6417	1.585	1.585	8.8116	含结构虚字
2474	withCOPDJ	5	5.7672	0.7219	2.3219	8.8111	过长英文
2475	加重的	60	3.1871	0.7275	4.8957	8.8103	含结构虚字
2476	气道平	4	5.9958	2.0	0.8113	8.8071	含结构虚字
2477	diagnosisand	3	6.2955	1.585	0.9183	8.7988	过长英文
2478	andpreventionof	5	7.3544	0.7219	0.7219	8.7983	过长英文
2479	验证性	6	4.9591	2.2516	1.585	8.7957	含结构虚字
2480	重度慢阻肺	8	4.4828	2.1556	2.1556	8.7941	含结构虚字
2481	药物作用机制	3	6.9563	0.9183	0.9183	8.7929	含结构虚字
2482	病患者	61	3.5831	0.7492	4.4535	8.7858	PMI/得分/频次过低
2483	如心力衰竭	4	6.4716	0.8113	1.5	8.7829	含结构虚字
2484	考虑使用	6	4.9437	1.2516	2.585	8.7803	含结构虚字
2485	分组	5	4.1347	2.3219	2.3219	8.7786	含结构虚字
2486	数越	3	6.9394	0.9183	0.9183	8.776	含结构虚字
2487	更好的	6	3.9376	2.2516	2.585	8.7742	含结构虚字
2488	但目前	3	6.2698	1.585	0.9183	8.7731	含结构虚字
2489	管痉	3	6.9352	0.9183	0.9183	8.7718	PMI/得分/频次过低
2490	如可能	5	4.525	2.3219	1.9219	8.7689	含结构虚字
2491	慢阻肺终末期	3	5.5983	1.585	1.585	8.7682	含结构虚字
2492	物颗	3	6.2571	0.9183	1.585	8.7604	PMI/得分/频次过低
2493	severechronicobstructive	3	6.9227	0.9183	0.9183	8.7593	过长英文
2494	基层医院	3	5.587	1.585	1.585	8.757	PMI/得分/频次过低
2495	患者是否	8	4.7066	2.5	1.5488	8.7553	含结构虚字
2496	劳力性	5	6.1111	1.9219	0.7219	8.755	含结构虚字
2497	慢性呼	16	4.011	3.75	0.9934	8.7544	含结构虚字
2498	在基层医疗	5	5.4601	2.3219	0.971	8.753	含结构虚字
2499	数量	5	4.1065	2.3219	2.3219	8.7504	含结构虚字
2500	性呼吸衰竭	8	5.2042	0.5436	3.0	8.7478	含结构虚字
2501	有必要	3	5.5753	1.585	1.585	8.7452	含结构虚字
2502	机构在慢	5	6.6497	1.371	0.7219	8.7426	含结构虚字
2503	查标准	4	5.9313	0.8113	2.0	8.7426	含结构虚字
2504	用三联治疗	3	5.5723	1.585	1.585	8.7422	含结构虚字
2505	treatmentin	3	5.5723	1.585	1.585	8.7422	过长英文
2506	其中一	3	6.239	1.585	0.9183	8.7422	含结构虚字
2507	险的评估	3	6.2338	0.9183	1.585	8.7371	含结构虚字
2508	血栓	6	6.6273	1.4591	0.65	8.7365	PMI/得分/频次过低
2509	withchronicobstructivepulmonarydisease	6	6.0895	0.7219	1.9219	8.7334	过长英文
2510	的发生发展	5	5.4401	1.371	1.9219	8.733	含结构虚字
2511	加重的风险	4	5.9196	0.8113	2.0	8.7309	含结构虚字
2512	生机构	6	5.8215	0.65	2.2516	8.7231	含结构虚字
2513	张作用	4	5.2216	1.5	2.0	8.7216	含结构虚字
2514	withCOPD	12	5.4513	0.8659	2.404	8.7211	过长英文
2515	分会	23	5.8509	1.0666	1.8017	8.7192	含结构虚字
2516	个体化评	3	6.2159	1.585	0.9183	8.7192	含结构虚字
2517	初始评估	3	6.2151	0.9183	1.585	8.7183	含结构虚字
2518	包括戒烟	3	5.5479	1.585	1.585	8.7178	含结构虚字
2519	治疗的基	5	4.8734	1.9219	1.9219	8.7173	含结构虚字
2520	需要评估	4	4.7145	2.0	2.0	8.7145	含结构虚字
2521	建议使	6	5.4779	2.585	0.65	8.7129	含结构虚字
2522	时没有	3	5.5391	1.585	1.585	8.709	含结构虚字
2523	病急性加重	27	3.5328	1.5683	3.606	8.7071	含结构虚字
2524	性加重的	54	3.2063	0.623	4.8774	8.7067	含结构虚字
2525	单用	6	4.1989	2.2516	2.2516	8.7021	含结构虚字
2526	如心力	5	6.6091	1.371	0.7219	8.702	含结构虚字
2527	PH第	3	6.1982	0.9183	1.585	8.7015	PMI/得分/频次过低
2528	活性	14	3.5965	3.0391	2.064	8.6997	含结构虚字
2529	调整药物治疗	3	6.8598	0.9183	0.9183	8.6964	含结构虚字
2530	疗反应不	3	6.8598	0.9183	0.9183	8.6964	含结构虚字
2531	疗效评价	3	6.8598	0.9183	0.9183	8.6964	含结构虚字
2532	国医学	10	5.9653	0.8813	1.8464	8.693	PMI/得分/频次过低
2533	严重程度和	8	4.1436	1.5488	3.0	8.6924	含结构虚字
2534	结合	9	4.3915	2.6416	1.6577	8.6908	含结构虚字
2535	降低慢阻肺	6	4.1833	2.585	1.9183	8.6865	含结构虚字
2536	应用抗菌	3	6.85	0.9183	0.9183	8.6865	含结构虚字
2537	中予以	3	6.1824	0.9183	1.585	8.6857	含结构虚字
2538	您的	5	4.4401	2.3219	1.9219	8.684	含结构虚字
2539	分钟	4	7.0607	0.8113	0.8113	8.6833	含结构虚字
2540	患者的肺功能	4	4.6774	2.0	2.0	8.6774	含结构虚字
2541	诊断和	11	3.7915	2.914	1.9717	8.6772	含结构虚字
2542	伴有发	4	5.8651	2.0	0.8113	8.6763	含结构虚字
2543	呼吸困难和	8	3.1734	2.75	2.75	8.6734	含结构虚字
2544	新药和	4	5.1734	1.5	2.0	8.6734	含结构虚字
2545	的获益	6	3.5015	2.585	2.585	8.6714	含结构虚字
2546	时也	5	4.9784	1.371	2.3219	8.6713	含结构虚字
2547	生素	12	4.2288	1.1887	3.2516	8.6691	含结构虚字
2548	出现低	4	5.8561	2.0	0.8113	8.6674	含结构虚字
2549	议使用	6	5.432	0.65	2.585	8.667	含结构虚字
2550	还可以	3	6.1627	1.585	0.9183	8.666	含结构虚字
2551	严重程度进行	4	5.6635	1.5	1.5	8.6635	含结构虚字
2552	包年	5	4.4196	1.9219	2.3219	8.6634	含结构虚字
2553	肺功能结果	3	5.4932	1.585	1.585	8.6632	含结构虚字
2554	医学会中华	3	6.8265	0.9183	0.9183	8.6631	含结构虚字
2555	频率和	6	4.951	1.4591	2.2516	8.6617	含结构虚字
2556	中度急性加重	5	5.9194	1.371	1.371	8.6613	含结构虚字
2557	志2013	5	6.5641	0.7219	1.371	8.657	PMI/得分/频次过低
2558	临床特征	4	5.6564	1.5	1.5	8.6564	含结构虚字
2559	patientsin	5	4.4112	2.3219	1.9219	8.655	过长英文
2560	理学	11	4.4244	1.6767	2.5503	8.6515	PMI/得分/频次过低
2561	患病危	4	6.3391	0.8113	1.5	8.6504	PMI/得分/频次过低
2562	科技	4	7.0258	0.8113	0.8113	8.6484	PMI/得分/频次过低
2563	重要原因	4	6.3367	0.8113	1.5	8.648	含结构虚字
2564	急性加重住	9	5.8618	2.281	0.5033	8.6461	含结构虚字
2565	慢阻肺患者日	3	6.1417	1.585	0.9183	8.6449	含结构虚字
2566	COPDJEur	7	6.6737	1.3788	0.5917	8.6441	过长英文
2567	呼吸杂志2019	4	6.3295	0.8113	1.5	8.6408	含结构虚字
2568	参照	3	6.1368	0.9183	1.585	8.6401	含结构虚字
2569	面部	3	5.4688	1.585	1.585	8.6387	含结构虚字
2570	严重呼吸困难	4	5.1368	2.0	1.5	8.6368	含结构虚字
2571	治疗原则	5	3.9889	2.3219	2.3219	8.6327	含结构虚字
2572	的发病率	4	4.6327	2.0	2.0	8.6327	含结构虚字
2573	的相关性	4	4.6327	2.0	2.0	8.6327	含结构虚字
2574	疾病严重程度	4	4.632	2.0	2.0	8.632	含结构虚字
2575	加重史的患者	3	6.7907	0.9183	0.9183	8.6273	含结构虚字
2576	基于症状	3	6.1237	0.9183	1.585	8.6269	含结构虚字
2577	暴露程度	3	6.7889	0.9183	0.9183	8.6254	含结构虚字
2578	使用长效	4	5.6246	2.0	1.0	8.6246	含结构虚字
2579	有效性	8	4.3741	1.75	2.5	8.6241	含结构虚字
2580	吸系统疾	18	6.9104	0.5033	1.2086	8.6224	含结构虚字
2581	见的	29	3.8718	1.0057	3.7405	8.618	含结构虚字
2582	学研究	17	4.7578	1.4393	2.4165	8.6136	含结构虚字
2583	之间的	7	4.2475	2.2359	2.1281	8.6115	含结构虚字
2584	参与慢阻肺的	6	5.4401	1.9183	1.2516	8.61	含结构虚字
2585	相结合的	3	5.4401	1.585	1.585	8.61	含结构虚字
2586	的疗效不佳	3	5.4401	1.585	1.585	8.61	含结构虚字
2587	有一	15	3.3454	3.2729	1.9899	8.6082	含结构虚字
2588	病学	37	4.0054	1.6212	2.9807	8.6073	PMI/得分/频次过低
2589	存在严重	4	5.1071	2.0	1.5	8.6071	含结构虚字
2590	考虑以下	3	6.7688	0.9183	0.9183	8.6054	含结构虚字
2591	生存	9	4.5278	2.7255	1.3516	8.6049	含结构虚字
2592	线胸片或	3	6.1012	1.585	0.9183	8.6045	含结构虚字
2593	或急诊	3	6.1012	0.9183	1.585	8.6045	PMI/得分/频次过低
2594	统计	5	6.5077	1.371	0.7219	8.6006	含结构虚字
2595	充分的	5	3.9547	2.3219	2.3219	8.5985	含结构虚字
2596	和青少年	3	6.7583	0.9183	0.9183	8.5949	含结构虚字
2597	压通气	4	6.2822	0.8113	1.5	8.5935	含结构虚字
2598	温度对	3	5.4202	1.585	1.585	8.5901	含结构虚字
2599	呼吸病学	18	6.7299	0.9142	0.9445	8.5886	含结构虚字
2600	和自我管理	4	5.5884	1.0	2.0	8.5884	含结构虚字
2601	用短效支	4	6.2769	1.5	0.8113	8.5881	含结构虚字
2602	重度急性	9	5.6652	2.4194	0.5033	8.5879	含结构虚字
2603	扩充	3	6.7509	0.9183	0.9183	8.5875	PMI/得分/频次过低
2604	但目	4	5.776	2.0	0.8113	8.5873	含结构虚字
2605	而不	6	4.2092	2.585	1.7925	8.5866	含结构虚字
2606	来评估	4	4.5817	2.0	2.0	8.5817	含结构虚字
2607	这是	5	3.9377	2.3219	2.3219	8.5816	含结构虚字
2608	张剂后第	3	6.0779	0.9183	1.585	8.5812	PMI/得分/频次过低
2609	新增肺	6	4.5367	2.585	1.4591	8.5808	PMI/得分/频次过低
2610	慢阻肺的治疗	8	3.8256	2.0	2.75	8.5756	含结构虚字
2611	功能参考值	3	6.7363	0.9183	0.9183	8.5729	含结构虚字
2612	细支气管	8	5.5221	1.75	1.2988	8.5709	PMI/得分/频次过低
2613	得了	3	6.0664	0.9183	1.585	8.5697	含结构虚字
2614	功能异常	4	5.5664	1.5	1.5	8.5664	含结构虚字
2615	呈进	3	6.7278	0.9183	0.9183	8.5644	含结构虚字
2616	三组	3	6.0588	0.9183	1.585	8.5621	含结构虚字
2617	量吸入	8	4.6562	1.75	2.1556	8.5619	含结构虚字
2618	但在	5	3.9176	2.3219	2.3219	8.5614	含结构虚字
2619	临床相关	5	4.3174	1.9219	2.3219	8.5612	含结构虚字
2620	的疗效	8	3.1547	3.0	2.4056	8.5603	含结构虚字
2621	济医	6	6.9096	0.65	1.0	8.5597	PMI/得分/频次过低
2622	functionin	3	5.3879	1.585	1.585	8.5578	过长英文
2623	病率为	5	5.9107	0.7219	1.9219	8.5546	含结构虚字
2624	据的指	3	6.7158	0.9183	0.9183	8.5524	含结构虚字
2625	时可	12	3.3493	3.2516	1.9508	8.5517	含结构虚字
2626	慢阻肺的发	13	5.3872	2.1997	0.9612	8.5481	含结构虚字
2627	病率	29	4.405	0.7973	3.3416	8.544	含结构虚字
2628	染是慢阻肺	3	6.0392	0.9183	1.585	8.5425	含结构虚字
2629	肺动脉干	3	6.0392	0.9183	1.585	8.5425	含结构虚字
2630	肺栓塞等	3	6.0392	0.9183	1.585	8.5425	含结构虚字
2631	动脉型肺	3	6.0392	1.585	0.9183	8.5425	含结构虚字
2632	扩大	3	5.3701	1.585	1.585	8.54	含结构虚字
2633	类药物	6	5.3009	0.65	2.585	8.5359	含结构虚字
2634	慢阻肺终末	4	5.7238	2.0	0.8113	8.5351	含结构虚字
2635	用短效支气管	3	6.0318	1.585	0.9183	8.535	含结构虚字
2636	人群患病	3	6.6968	0.9183	0.9183	8.5334	含结构虚字
2637	病情趋	3	6.6968	0.9183	0.9183	8.5334	含结构虚字
2638	病情适	3	6.6968	0.9183	0.9183	8.5334	含结构虚字
2639	的基础	11	3.9453	3.0958	1.4911	8.5322	含结构虚字
2640	健康状况和	5	4.6879	1.9219	1.9219	8.5318	含结构虚字
2641	维持治疗的	6	4.0251	2.2516	2.2516	8.5283	含结构虚字
2642	肺炎球菌	6	5.6242	2.2516	0.65	8.5258	PMI/得分/频次过低
2643	进而	5	4.2789	2.3219	1.9219	8.5228	含结构虚字
2644	CA	6	6.5228	1.0	1.0	8.5228	PMI/得分/频次过低
2645	风险因素	4	5.0191	1.5	2.0	8.5191	含结构虚字
2646	研究显示	3	5.3488	1.585	1.585	8.5188	含结构虚字
2647	二医院	3	6.0114	0.9183	1.585	8.5147	PMI/得分/频次过低
2648	应按照常	3	6.6774	0.9183	0.9183	8.514	含结构虚字
2649	患者自我	4	5.5139	1.5	1.5	8.5139	含结构虚字
2650	应转诊	4	6.007	1.5	1.0	8.507	含结构虚字
2651	诊断慢阻肺	7	3.5644	2.8074	2.1281	8.4998	PMI/得分/频次过低
2652	的FEV	12	3.0251	2.2213	3.2516	8.4979	含结构虚字
2653	活动后	3	5.9939	1.585	0.9183	8.4971	含结构虚字
2654	用三联	5	5.5988	1.9219	0.971	8.4917	含结构虚字
2655	危险因素包括	3	5.9884	1.585	0.9183	8.4917	含结构虚字
2656	常见的有	4	4.9903	2.0	1.5	8.4903	含结构虚字
2657	张剂前	11	6.1879	0.684	1.6172	8.4891	含结构虚字
2658	患病率为	4	5.9874	1.0	1.5	8.4874	含结构虚字
2659	介入	3	6.6503	0.9183	0.9183	8.4869	PMI/得分/频次过低
2660	进展对慢	3	6.6497	0.9183	0.9183	8.4863	含结构虚字
2661	是很	4	5.4845	2.0	1.0	8.4845	含结构虚字
2662	疾病稳定期	6	5.2467	0.65	2.585	8.4817	含结构虚字
2663	染是慢	5	6.3867	0.7219	1.371	8.4795	含结构虚字
2664	发作率	3	5.309	1.585	1.585	8.4789	含结构虚字
2665	能力如	3	5.3065	1.585	1.585	8.4765	含结构虚字
2666	可以提	5	5.4326	2.3219	0.7219	8.4764	含结构虚字
2667	急性加重时	7	3.4276	2.5216	2.5216	8.4709	含结构虚字
2668	组慢性阻	6	5.4266	1.2516	1.7925	8.4707	含结构虚字
2669	第二	4	5.4644	1.5	1.5	8.4644	PMI/得分/频次过低
2670	慢阻肺的患病	6	5.9609	1.585	0.9183	8.4641	含结构虚字
2671	JChineseGeneralPractice	3	5.2933	1.585	1.585	8.4632	过长英文
2672	致死	6	5.9598	1.2516	1.2516	8.4631	含结构虚字
2673	等各	3	5.9598	0.9183	1.585	8.4631	含结构虚字
2674	病的发生发展	3	5.9598	0.9183	1.585	8.4631	含结构虚字
2675	弥漫性	3	5.9591	1.585	0.9183	8.4624	含结构虚字
2676	持续性	6	3.9591	2.2516	2.2516	8.4624	含结构虚字
2677	慢阻肺病急	15	4.5711	3.1899	0.6998	8.4608	PMI/得分/频次过低
2678	病理学	5	5.5593	1.9219	0.971	8.4521	PMI/得分/频次过低
2679	JClin	3	6.6152	0.9183	0.9183	8.4518	PMI/得分/频次过低
2680	院附属	5	6.7546	0.7219	0.971	8.4475	含结构虚字
2681	的关系	4	4.4401	2.0	2.0	8.4401	含结构虚字
2682	的最佳	4	4.4401	2.0	2.0	8.4401	含结构虚字
2683	的心血管风险	4	4.4401	2.0	2.0	8.4401	含结构虚字
2684	以确定	3	5.2672	1.585	1.585	8.4371	含结构虚字
2685	ofDisease	5	5.7924	0.7219	1.9219	8.4362	过长英文
2686	且有	5	4.1867	1.9219	2.3219	8.4306	含结构虚字
2687	在异质性	3	5.9248	1.585	0.9183	8.428	含结构虚字
2688	所有吸烟者	3	6.5887	0.9183	0.9183	8.4253	含结构虚字
2689	维酸	3	5.9213	0.9183	1.585	8.4246	PMI/得分/频次过低
2690	时出现	4	4.9244	2.0	1.5	8.4244	含结构虚字
2691	期维持治疗	4	6.113	0.8113	1.5	8.4243	含结构虚字
2692	目标是	4	5.4231	1.0	2.0	8.4231	含结构虚字
2693	然而在	3	5.2467	1.585	1.585	8.4166	含结构虚字
2694	失调	3	5.9103	0.9183	1.585	8.4136	含结构虚字
2695	理能力	3	5.2413	1.585	1.585	8.4112	含结构虚字
2696	研究证	7	4.9029	2.1281	1.3788	8.4097	含结构虚字
2697	用ICS	6	3.5723	2.2516	2.585	8.4089	含结构虚字
2698	作用时	6	5.1699	2.585	0.65	8.4049	含结构虚字
2699	的研究进展	5	4.9547	1.5219	1.9219	8.3985	含结构虚字
2700	有一些	3	5.2274	1.585	1.585	8.3973	含结构虚字
2701	血管疾病是	3	5.8926	0.9183	1.585	8.3959	含结构虚字
2702	是目前	4	4.3934	2.0	2.0	8.3934	含结构虚字
2703	要进行	8	4.0933	1.5488	2.75	8.3921	含结构虚字
2704	吸系统	27	6.3171	0.8274	1.2471	8.3916	含结构虚字
2705	慢阻肺早期	5	4.1476	1.9219	2.3219	8.3915	含结构虚字
2706	次发作	4	6.0794	0.8113	1.5	8.3907	含结构虚字
2707	患者都	5	4.9428	1.5219	1.9219	8.3866	含结构虚字
2708	对慢阻肺患者	5	4.1361	2.3219	1.9219	8.38	含结构虚字
2709	于接受	6	5.4754	0.65	2.2516	8.377	含结构虚字
2710	病临床医学研	6	6.4744	1.2516	0.65	8.376	含结构虚字
2711	传易感性	4	6.3741	1.0	1.0	8.3741	含结构虚字
2712	气道高反应性	4	6.3741	1.0	1.0	8.3741	含结构虚字
2713	栓塞症	4	5.8738	1.0	1.5	8.3738	PMI/得分/频次过低
2714	图2	4	4.8731	2.0	1.5	8.3731	PMI/得分/频次过低
2715	到戒烟	3	5.8698	0.9183	1.585	8.3731	含结构虚字
2716	年发病	3	5.2028	1.585	1.585	8.3728	含结构虚字
2717	是由于	3	5.2007	1.585	1.585	8.3707	含结构虚字
2718	和预后	5	4.1261	1.9219	2.3219	8.3699	含结构虚字
2719	可能是	6	3.8651	2.2516	2.2516	8.3684	含结构虚字
2720	性加重次数	4	6.055	0.8113	1.5	8.3663	含结构虚字
2721	健康相关	4	5.366	1.5	1.5	8.366	含结构虚字
2722	tiotropiumin	3	5.8618	1.585	0.9183	8.3651	过长英文
2723	试验中	5	4.6715	1.371	2.3219	8.3644	含结构虚字
2724	疗后仍	3	5.8598	0.9183	1.585	8.3631	PMI/得分/频次过低
2725	等症状	6	3.9846	1.7925	2.585	8.3621	含结构虚字
2726	LABA长效	3	5.8579	1.585	0.9183	8.3611	PMI/得分/频次过低
2727	需注意	3	5.8569	0.9183	1.585	8.3601	含结构虚字
2728	率减少	4	5.3579	1.5	1.5	8.3579	含结构虚字
2729	合适的	4	4.8551	2.0	1.5	8.3551	含结构虚字
2730	则应	5	3.7074	2.3219	2.3219	8.3513	含结构虚字
2731	用罗氟司特	4	5.5399	0.8113	2.0	8.3512	含结构虚字
2732	治指南年修订	6	7.0505	0.65	0.65	8.3506	含结构虚字
2733	机构在慢阻肺	4	6.0392	1.5	0.8113	8.3505	含结构虚字
2734	能会	15	4.4067	0.6998	3.2402	8.3468	含结构虚字
2735	为主要	6	4.8419	1.2516	2.2516	8.3452	含结构虚字
2736	不推	6	4.5075	2.585	1.2516	8.3441	含结构虚字
2737	的剂量和	3	5.1734	1.585	1.585	8.3433	含结构虚字
2738	JPulm	4	6.0303	1.5	0.8113	8.3415	PMI/得分/频次过低
2739	脓性	5	5.6961	1.9219	0.7219	8.3399	含结构虚字
2740	者提供	6	4.8338	0.9183	2.585	8.337	含结构虚字
2741	危及	7	4.9357	2.8074	0.5917	8.3347	含结构虚字
2742	更大	4	4.3338	2.0	2.0	8.3338	含结构虚字
2743	剂联合	3	5.1635	1.585	1.585	8.3335	含结构虚字
2744	而出现	3	5.8281	0.9183	1.585	8.3314	含结构虚字
2745	而目前	3	5.8281	0.9183	1.585	8.3314	含结构虚字
2746	气胸	5	3.6846	2.3219	2.3219	8.3285	PMI/得分/频次过低
2747	hypertensionJ	3	5.1558	1.585	1.585	8.3257	过长英文
2748	图1	5	4.8807	1.9219	1.5219	8.3246	PMI/得分/频次过低
2749	的肺功能检查	11	3.5072	1.9717	2.8454	8.3243	含结构虚字
2750	withchronic	19	6.3938	1.3372	0.5907	8.3218	过长英文
2751	评估方法	3	5.8165	0.9183	1.585	8.3198	含结构虚字
2752	处理方	4	6.695	0.8113	0.8113	8.3176	含结构虚字
2753	降低急性加	4	4.8091	2.0	1.5	8.3091	含结构虚字
2754	效果的	9	3.4807	1.6577	3.1699	8.3084	含结构虚字
2755	国内	6	4.8048	2.2516	1.2516	8.3081	PMI/得分/频次过低
2756	时必须	3	5.8021	1.585	0.9183	8.3054	含结构虚字
2757	稳定期患者	5	4.0582	1.9219	2.3219	8.3021	含结构虚字
2758	提升	4	6.4891	0.8113	1.0	8.3004	含结构虚字
2759	不推荐	4	4.2991	2.0	2.0	8.2991	含结构虚字
2760	andchronic	7	4.1119	2.5216	1.6645	8.2981	过长英文
2761	性加重频率	4	5.9847	0.8113	1.5	8.2959	含结构虚字
2762	大学医学	3	6.4538	0.9183	0.9183	8.2904	含结构虚字
2763	断标准	3	5.7857	0.9183	1.585	8.289	含结构虚字
2764	管理方	4	4.7881	1.5	2.0	8.2881	含结构虚字
2765	结合的	5	4.5921	1.371	2.3219	8.285	含结构虚字
2766	急性加重期	10	3.5161	2.4464	2.3219	8.2844	含结构虚字
2767	的异质性	5	4.4401	1.9219	1.9219	8.284	含结构虚字
2768	的发病	12	3.7771	1.585	2.9183	8.2804	含结构虚字
2769	等慢性	6	3.7754	2.2516	2.2516	8.2786	含结构虚字
2770	这些患者	4	4.2769	2.0	2.0	8.2769	含结构虚字
2771	不稳定	5	4.4316	1.9219	1.9219	8.2755	含结构虚字
2772	不建议	4	4.2741	2.0	2.0	8.2741	含结构虚字
2773	可以是	5	3.6296	2.3219	2.3219	8.2734	含结构虚字
2774	常发育	3	6.4364	0.9183	0.9183	8.273	含结构虚字
2775	大型	3	5.1022	1.585	1.585	8.2721	含结构虚字
2776	ina	5	4.0273	1.9219	2.3219	8.2711	PMI/得分/频次过低
2777	与GOLD	5	4.5753	2.3219	1.371	8.2682	PMI/得分/频次过低
2778	数个	6	5.0325	0.65	2.585	8.2675	含结构虚字
2779	更加	6	3.0966	2.585	2.585	8.2666	PMI/得分/频次过低
2780	withchronicobstructivepulmonary	8	6.1734	0.5436	1.5488	8.2657	过长英文
2781	胸闷和	3	5.7583	1.585	0.9183	8.2616	含结构虚字
2782	期2021	23	6.3328	0.7554	1.1732	8.2613	含结构虚字
2783	更长	5	4.5662	2.3219	1.371	8.2591	PMI/得分/频次过低
2784	得更	3	5.7552	0.9183	1.585	8.2585	含结构虚字
2785	chronicobstructivepulmonarydiseasein	5	4.8145	1.9219	1.5219	8.2584	过长英文
2786	exacerbationof	8	7.1709	0.5436	0.5436	8.258	过长英文
2787	会呼吸	24	5.2991	1.4619	1.4969	8.2579	含结构虚字
2788	分泌物	3	5.7546	0.9183	1.585	8.2579	含结构虚字
2789	为了	5	4.0138	2.3219	1.9219	8.2577	含结构虚字
2790	尤其是在	3	5.0768	1.585	1.585	8.2467	含结构虚字
2791	andrisk	3	5.743	1.585	0.9183	8.2463	过长英文
2792	考虑其他	3	5.7378	1.585	0.9183	8.2411	含结构虚字
2793	版指南进行	3	6.4037	0.9183	0.9183	8.2403	含结构虚字
2794	是所有	3	5.0695	1.585	1.585	8.2394	含结构虚字
2795	重度慢阻肺患	3	5.7315	1.585	0.9183	8.2347	含结构虚字
2796	体系	4	4.7345	1.5	2.0	8.2345	含结构虚字
2797	也可能	4	5.2332	1.5	1.5	8.2332	含结构虚字
2798	在初	5	4.9393	2.3219	0.971	8.2322	含结构虚字
2799	气流受限和	6	3.7286	2.2516	2.2516	8.2318	含结构虚字
2800	抗胆碱药	3	5.7266	0.9183	1.585	8.2299	PMI/得分/频次过低
2801	单药	7	5.1161	2.5216	0.5917	8.2294	含结构虚字
2802	慢阻肺的发生	5	5.1833	1.5219	1.5219	8.2271	含结构虚字
2803	还需	3	5.7236	1.585	0.9183	8.2269	含结构虚字
2804	作为一	4	5.2251	2.0	1.0	8.2251	含结构虚字
2805	史和或	3	6.3884	0.9183	0.9183	8.225	含结构虚字
2806	动脉血	6	5.3169	2.2516	0.65	8.2186	含结构虚字
2807	肺功能变化	4	5.7173	1.0	1.5	8.2173	含结构虚字
2808	前提	4	4.713	2.0	1.5	8.213	含结构虚字
2809	来评	6	4.7081	2.585	0.9183	8.2114	含结构虚字
2810	较少	3	5.0409	1.585	1.585	8.2108	含结构虚字
2811	LA	3	6.2108	1.0	1.0	8.2108	PMI/得分/频次过低
2812	呼吸机相关性	3	6.3741	0.9183	0.9183	8.2107	含结构虚字
2813	获得性	6	5.4997	1.4591	1.2516	8.2104	含结构虚字
2814	疾病综合评估	3	6.3722	0.9183	0.9183	8.2088	含结构虚字
2815	出版	8	6.602	1.0613	0.5436	8.2069	含结构虚字
2816	的慢性气	5	4.762	1.9219	1.5219	8.2059	含结构虚字
2817	调整药	4	5.8937	1.5	0.8113	8.205	含结构虚字
2818	女性	4	5.2042	1.5	1.5	8.2042	含结构虚字
2819	存率	6	4.968	0.65	2.585	8.203	含结构虚字
2820	脑病	3	5.6968	0.9183	1.585	8.2	PMI/得分/频次过低
2821	应予	4	5.3855	2.0	0.8113	8.1968	含结构虚字
2822	使吸烟者	3	5.6921	1.585	0.9183	8.1953	含结构虚字
2823	的研究设计	3	5.0251	1.585	1.585	8.195	含结构虚字
2824	的肺组织	3	5.0251	1.585	1.585	8.195	含结构虚字
2825	广为接受的	3	5.0251	1.585	1.585	8.195	含结构虚字
2826	充足的	3	5.0251	1.585	1.585	8.195	含结构虚字
2827	和死亡	5	3.951	2.3219	1.9219	8.1948	含结构虚字
2828	的能力	9	3.4006	1.8366	2.9477	8.1849	含结构虚字
2829	浓度可	4	5.684	1.0	1.5	8.184	含结构虚字
2830	行为	6	3.3453	2.2516	2.585	8.1818	含结构虚字
2831	于正常	4	6.3685	1.0	0.8113	8.1798	含结构虚字
2832	是导致	6	4.4638	2.2516	1.4591	8.1746	含结构虚字
2833	管理干	4	6.5519	0.8113	0.8113	8.1744	PMI/得分/频次过低
2834	分类	5	4.7273	1.5219	1.9219	8.1712	含结构虚字
2835	门诊治疗	3	5.667	0.9183	1.585	8.1702	PMI/得分/频次过低
2836	心功能	7	3.5173	2.5216	2.1281	8.167	含结构虚字
2837	可能影	5	5.2732	1.9219	0.971	8.166	含结构虚字
2838	均有	4	4.1644	2.0	2.0	8.1644	含结构虚字
2839	证据的	6	3.3246	2.2516	2.585	8.1612	含结构虚字
2840	育和	10	4.5567	0.8813	2.7219	8.1599	含结构虚字
2841	剂联	6	4.9083	1.7925	1.4591	8.1599	含结构虚字
2842	抗菌药物治疗	4	5.345	2.0	0.8113	8.1563	PMI/得分/频次过低
2843	患者健康	6	3.7769	2.585	1.7925	8.1544	PMI/得分/频次过低
2844	对所有	3	4.9841	1.585	1.585	8.154	含结构虚字
2845	JAmJRespirCritCareMed	5	4.3078	1.9219	1.9219	8.1517	过长英文
2846	慢阻肺的危险	8	6.2764	0.8113	1.0613	8.1489	含结构虚字
2847	的不良反应	8	3.7397	2.0	2.4056	8.1453	含结构虚字
2848	者经过	4	5.8338	0.8113	1.5	8.1451	含结构虚字
2849	有可能	6	3.3068	2.2516	2.585	8.1434	含结构虚字
2850	急性加重频率	3	5.6394	1.585	0.9183	8.1427	含结构虚字
2851	耐药	3	4.9717	1.585	1.585	8.1417	PMI/得分/频次过低
2852	治疗组	7	3.4894	2.5216	2.1281	8.1391	含结构虚字
2853	调了	4	5.3254	0.8113	2.0	8.1366	含结构虚字
2854	就医	3	5.6295	0.9183	1.585	8.1328	含结构虚字
2855	慢阻肺诊断的	4	4.6327	2.0	1.5	8.1327	含结构虚字
2856	简单的	4	4.6327	1.5	2.0	8.1327	含结构虚字
2857	喘不	4	5.132	1.5	1.5	8.132	含结构虚字
2858	肺毛细	3	5.6242	1.585	0.9183	8.1274	PMI/得分/频次过低
2859	肺大疱	3	5.6242	1.585	0.9183	8.1274	含结构虚字
2860	exacerbationsand	3	4.9545	1.585	1.585	8.1244	过长英文
2861	呼吸杂志2017	3	6.2853	0.9183	0.9183	8.1219	含结构虚字
2862	病理学改变	3	6.2817	0.9183	0.9183	8.1183	含结构虚字
2863	存在明显的	4	5.1182	1.5	1.5	8.1182	含结构虚字
2864	的特点	4	5.1182	1.5	1.5	8.1182	含结构虚字
2865	的角度	4	5.1182	1.5	1.5	8.1182	含结构虚字
2866	复治疗	14	4.2013	0.7345	3.182	8.1178	含结构虚字
2867	者的肺功能	6	4.9448	0.9183	2.2516	8.1147	含结构虚字
2868	症状缓	3	5.6091	1.585	0.9183	8.1124	含结构虚字
2869	心衰	5	4.8094	1.371	1.9219	8.1023	PMI/得分/频次过低
2870	塞性肺疾病诊	21	6.4271	0.8181	0.857	8.1021	含结构虚字
2871	慢阻肺领域	3	5.5983	1.585	0.9183	8.1016	含结构虚字
2872	或联合	5	5.2059	1.5219	1.371	8.0988	含结构虚字
2873	身体	3	4.9283	1.585	1.585	8.0982	含结构虚字
2874	空气污染物	3	6.2571	0.9183	0.9183	8.0937	含结构虚字
2875	量之	3	4.9213	1.585	1.585	8.0913	含结构虚字
2876	人群中	5	4.247	1.9219	1.9219	8.0908	含结构虚字
2877	的治疗应	6	4.8551	2.585	0.65	8.0901	含结构虚字
2878	抗感染治疗	3	6.2519	0.9183	0.9183	8.0885	PMI/得分/频次过低
2879	量增加	4	4.5863	1.5	2.0	8.0863	含结构虚字
2880	这类	3	5.581	1.585	0.9183	8.0843	含结构虚字
2881	疾病特	8	4.1278	3.0	0.9544	8.0822	含结构虚字
2882	药物短效	3	5.5778	0.9183	1.585	8.081	PMI/得分/频次过低
2883	改变主要	3	6.2372	0.9183	0.9183	8.0738	含结构虚字
2884	气流受限症状	3	4.9013	1.585	1.585	8.0712	含结构虚字
2885	高度	7	3.1352	2.1281	2.8074	8.0707	含结构虚字
2886	病合并症	9	3.9125	0.9864	3.1699	8.0689	含结构虚字
2887	患者提供	4	4.5664	1.5	2.0	8.0664	含结构虚字
2888	下降与	3	4.8957	1.585	1.585	8.0656	含结构虚字
2889	建议对	4	4.0647	2.0	2.0	8.0647	含结构虚字
2890	入治疗	11	3.1114	1.4911	3.4594	8.062	PMI/得分/频次过低
2891	不一	10	3.4427	2.8464	1.771	8.0601	含结构虚字
2892	值来	3	4.8882	1.585	1.585	8.0582	含结构虚字
2893	以降低	4	4.5567	1.5	2.0	8.0567	含结构虚字
2894	激素治疗	6	4.5515	0.9183	2.585	8.0547	PMI/得分/频次过低
2895	安慰剂和	3	4.8839	1.585	1.585	8.0538	含结构虚字
2896	均应	6	5.007	1.2516	1.7925	8.0511	含结构虚字
2897	稳定期药	6	5.1417	2.2516	0.65	8.0433	含结构虚字
2898	中国成人肺	4	5.2319	2.0	0.8113	8.0431	含结构虚字
2899	和运动耐	3	5.5359	1.585	0.9183	8.0392	含结构虚字
2900	高温和	3	5.5359	0.9183	1.585	8.0392	含结构虚字
2901	氧化剂	4	5.7254	0.8113	1.5	8.0367	PMI/得分/频次过低
2902	发症	19	3.8691	0.5907	3.5766	8.0364	含结构虚字
2903	呼吸困难咳	3	5.5328	1.585	0.9183	8.036	含结构虚字
2904	治疗药物	27	4.3344	1.7988	1.9009	8.0341	PMI/得分/频次过低
2905	工作中	3	4.8605	1.585	1.585	8.0304	含结构虚字
2906	阻肺病的发生	3	6.1857	0.9183	0.9183	8.0223	含结构虚字
2907	表征	3	4.8495	1.585	1.585	8.0194	含结构虚字
2908	进一步评	3	5.5155	1.585	0.9183	8.0187	含结构虚字
2909	后FEV	5	5.3747	0.7219	1.9219	8.0186	PMI/得分/频次过低
2910	评估和治疗	3	5.5149	0.9183	1.585	8.0182	含结构虚字
2911	治疗依从性	3	5.5149	0.9183	1.585	8.0182	含结构虚字
2912	替代治疗	3	5.5149	0.9183	1.585	8.0182	含结构虚字
2913	等方面	3	5.5123	0.9183	1.585	8.0156	含结构虚字
2914	碍等	3	5.5123	0.9183	1.585	8.0156	含结构虚字
2915	国国家	3	6.1783	0.9183	0.9183	8.0149	PMI/得分/频次过低
2916	动受限	6	5.113	0.65	2.2516	8.0146	含结构虚字
2917	应用指	6	5.107	2.2516	0.65	8.0086	含结构虚字
2918	氧疗是	4	5.0081	1.5	1.5	8.0081	含结构虚字
2919	医生可	4	4.5034	1.5	2.0	8.0034	含结构虚字
2920	肺的患病率	6	5.1648	1.2516	1.585	8.0013	含结构虚字
2921	国专	7	6.8157	0.5917	0.5917	7.9991	PMI/得分/频次过低
2922	应将	4	4.498	2.0	1.5	7.998	含结构虚字
2923	任何其	3	6.1611	0.9183	0.9183	7.9977	含结构虚字
2924	病全球倡议	4	6.3748	0.8113	0.8113	7.9974	含结构虚字
2925	COPD临床研究	4	5.6857	1.5	0.8113	7.997	含结构虚字
2926	中度急性加	6	6.095	1.2516	0.65	7.9966	含结构虚字
2927	高危患者	3	4.8188	1.585	1.585	7.9887	PMI/得分/频次过低
2928	症状的患者	4	4.4881	1.5	2.0	7.9881	含结构虚字
2929	肺通气功能	3	4.8168	1.585	1.585	7.9868	含结构虚字
2930	缓解症	4	6.1734	1.0	0.8113	7.9846	PMI/得分/频次过低
2931	功能变化	5	5.8883	0.7219	1.371	7.9812	含结构虚字
2932	的参考值	4	3.9807	2.0	2.0	7.9807	含结构虚字
2933	舒张剂联	3	5.4744	0.9183	1.585	7.9776	含结构虚字
2934	可通过	5	4.1314	1.9219	1.9219	7.9753	含结构虚字
2935	急性加重频	4	5.1614	2.0	0.8113	7.9727	含结构虚字
2936	Zetal	3	5.4666	1.585	0.9183	7.9698	PMI/得分/频次过低
2937	需要住院	4	6.3468	0.8113	0.8113	7.9693	含结构虚字
2938	etalA	5	3.7211	2.3219	1.9219	7.965	PMI/得分/频次过低
2939	以改善	8	4.6659	1.5488	1.75	7.9647	含结构虚字
2940	呼吸机	7	3.7065	2.1281	2.1281	7.9626	含结构虚字
2941	导致慢阻肺	8	4.054	2.5	1.4056	7.9596	含结构虚字
2942	仍需	3	5.4535	0.9183	1.585	7.9568	含结构虚字
2943	酸碱	3	6.1177	0.9183	0.9183	7.9543	PMI/得分/频次过低
2944	率高	8	4.4021	2.0	1.5488	7.9509	含结构虚字
2945	COPDpatientsJ	3	5.4453	0.9183	1.585	7.9486	过长英文
2946	更换吸	5	6.503	0.7219	0.7219	7.9469	含结构虚字
2947	是最常见的	3	5.4401	0.9183	1.585	7.9434	含结构虚字
2948	了新的	3	5.4401	0.9183	1.585	7.9434	含结构虚字
2949	并非所有的	3	5.4401	0.9183	1.585	7.9434	含结构虚字
2950	慢阻肺患者常	4	4.4434	2.0	1.5	7.9434	含结构虚字
2951	无抗活性的	3	5.4401	1.585	0.9183	7.9434	含结构虚字
2952	的解释	3	5.4401	0.9183	1.585	7.9434	含结构虚字
2953	国医	20	5.1411	1.154	1.6477	7.9428	PMI/得分/频次过低
2954	COPDin	6	3.4393	1.9183	2.585	7.9426	PMI/得分/频次过低
2955	于正	6	5.4389	1.585	0.9183	7.9421	含结构虚字
2956	的有效性	4	4.4401	2.0	1.5	7.9401	含结构虚字
2957	职业性	5	5.6961	1.5219	0.7219	7.9399	含结构虚字
2958	会导致	3	4.7661	1.585	1.585	7.936	含结构虚字
2959	辅助呼吸	4	6.31	0.8113	0.8113	7.9326	含结构虚字
2960	患者出院	4	5.6208	1.5	0.8113	7.9321	含结构虚字
2961	区分	3	4.7582	1.585	1.585	7.9281	含结构虚字
2962	通气治疗	6	3.8827	1.4591	2.585	7.9268	含结构虚字
2963	慢阻肺诊	13	3.0763	3.3927	1.4573	7.9264	PMI/得分/频次过低
2964	或胸部	3	5.4231	0.9183	1.585	7.9264	含结构虚字
2965	的严重程	20	4.0071	3.071	0.8476	7.9257	含结构虚字
2966	加重史	7	5.2058	0.5917	2.1281	7.9255	PMI/得分/频次过低
2967	基层呼吸	5	4.632	2.3219	0.971	7.9248	含结构虚字
2968	病稳定期	8	4.1118	0.8113	3.0	7.9231	含结构虚字
2969	影响因素	3	4.7509	1.585	1.585	7.9209	含结构虚字
2970	潜在的	5	3.6746	2.3219	1.9219	7.9184	含结构虚字
2971	血液	3	4.7476	1.585	1.585	7.9175	PMI/得分/频次过低
2972	术等	3	4.7468	1.585	1.585	7.9167	含结构虚字
2973	学改变	5	5.2632	0.7219	1.9219	7.907	含结构虚字
2974	症等	9	3.5123	1.2244	3.1699	7.9067	含结构虚字
2975	容量	5	5.2597	0.7219	1.9219	7.9036	含结构虚字
2976	关但	5	4.8533	0.7219	2.3219	7.8972	含结构虚字
2977	轻症状	4	5.073	0.8113	2.0	7.8843	含结构虚字
2978	用抗	10	3.8739	1.6855	2.3219	7.8813	含结构虚字
2979	向上	3	6.0437	0.9183	0.9183	7.8803	含结构虚字
2980	的病理	6	3.5015	2.585	1.7925	7.8789	含结构虚字
2981	变异性	3	5.3741	0.9183	1.585	7.8774	含结构虚字
2982	肺的生长	3	6.0392	0.9183	0.9183	7.8758	含结构虚字
2983	也与慢阻肺	3	6.0392	0.9183	0.9183	7.8758	含结构虚字
2984	肺炎诊断	3	6.0392	0.9183	0.9183	7.8758	PMI/得分/频次过低
2985	肺结节气道	3	6.0392	0.9183	0.9183	7.8758	含结构虚字
2986	性细支气管	4	5.3741	1.5	1.0	7.8741	含结构虚字
2987	的病程	3	4.7031	1.585	1.585	7.8731	含结构虚字
2988	初步的	3	4.7031	1.585	1.585	7.8731	含结构虚字
2989	更长的	3	4.7031	1.585	1.585	7.8731	含结构虚字
2990	的工具	3	4.7031	1.585	1.585	7.8731	含结构虚字
2991	性数据	6	4.6372	0.65	2.585	7.8722	含结构虚字
2992	于气道	4	3.8721	2.0	2.0	7.8721	含结构虚字
2993	医学科	4	5.3713	1.0	1.5	7.8713	PMI/得分/频次过低
2994	以确	6	4.2837	2.585	1.0	7.8686	含结构虚字
2995	etalPulmonary	3	4.696	1.585	1.585	7.866	过长英文
2996	效支气管	25	6.0872	0.9044	0.8743	7.8659	PMI/得分/频次过低
2997	个体化治	4	5.0505	2.0	0.8113	7.8618	含结构虚字
2998	导致慢阻肺病	4	4.8613	1.5	1.5	7.8613	含结构虚字
2999	的参考	7	3.3895	2.8074	1.6645	7.8613	含结构虚字
3000	和呼吸杂志2019	3	6.0214	0.9183	0.9183	7.858	含结构虚字
3001	合并症并	4	4.3562	2.0	1.5	7.8562	含结构虚字
3002	全面的	4	3.8551	2.0	2.0	7.8551	含结构虚字
3003	指引	3	4.6802	1.585	1.585	7.8501	PMI/得分/频次过低
3004	低于	5	3.6029	2.3219	1.9219	7.8468	含结构虚字
3005	和血气分析	3	5.3433	0.9183	1.585	7.8465	含结构虚字
3006	和缩短	3	5.3433	1.585	0.9183	7.8465	含结构虚字
3007	简称慢阻肺是	3	6.0081	0.9183	0.9183	7.8447	含结构虚字
3008	住院患者	5	3.9993	1.9219	1.9219	7.8432	PMI/得分/频次过低
3009	在慢阻肺病急	3	5.3398	1.585	0.9183	7.8431	含结构虚字
3010	临床医	13	4.3326	2.5074	0.9957	7.8357	PMI/得分/频次过低
3011	用其它	3	5.3313	0.9183	1.585	7.8346	含结构虚字
3012	受限的患者	3	5.3213	0.9183	1.585	7.8245	含结构虚字
3013	疗方法	6	4.5868	0.65	2.585	7.8218	含结构虚字
3014	支气管扩张症	3	4.6514	1.585	1.585	7.8213	PMI/得分/频次过低
3015	评价患者	4	4.3213	1.5	2.0	7.8213	含结构虚字
3016	患者日常	4	5.3213	1.5	1.0	7.8213	含结构虚字
3017	这个	3	4.6514	1.585	1.585	7.8213	含结构虚字
3018	院后	9	4.8133	0.5033	2.5033	7.8198	PMI/得分/频次过低
3019	合治疗	14	3.0649	1.0892	3.6645	7.8186	含结构虚字
3020	严重程度进	5	5.172	1.9219	0.7219	7.8159	含结构虚字
3021	与安	3	4.6457	1.585	1.585	7.8156	含结构虚字
3022	较多	3	4.645	1.585	1.585	7.8149	含结构虚字
3023	的潜	8	4.2702	3.0	0.5436	7.8137	含结构虚字
3024	核心	5	4.5199	1.371	1.9219	7.8128	2字常见通用词
3025	者出现	6	3.974	1.2516	2.585	7.8106	含结构虚字
3026	是一	15	3.9038	2.9996	0.9056	7.8089	含结构虚字
3027	进行长期	4	5.4968	1.5	0.8113	7.8081	含结构虚字
3028	肺康	21	3.2818	3.9754	0.549	7.8062	PMI/得分/频次过低
3029	团队的	5	4.762	0.7219	2.3219	7.8059	含结构虚字
3030	于确定	3	5.3014	0.9183	1.585	7.8046	含结构虚字
3031	气道阻塞	4	4.8045	1.5	1.5	7.8045	含结构虚字
3032	或肺泡	3	5.9637	0.9183	0.9183	7.8003	PMI/得分/频次过低
3033	学意义	3	5.9623	0.9183	0.9183	7.7989	PMI/得分/频次过低
3034	性肺炎	7	3.8961	1.3788	2.5216	7.7965	含结构虚字
3035	常合并	6	4.2913	1.2516	2.2516	7.7946	含结构虚字
3036	性心	32	3.4733	2.305	2.016	7.7943	含结构虚字
3037	疾病特征	3	4.6222	1.585	1.585	7.7921	含结构虚字
3038	时应考虑	3	5.9541	0.9183	0.9183	7.7907	含结构虚字
3039	按需	3	5.9531	0.9183	0.9183	7.7897	含结构虚字
3040	大小	3	5.2844	0.9183	1.585	7.7877	含结构虚字
3041	重视	4	4.2861	2.0	1.5	7.7861	含结构虚字
3042	管理是	4	3.7793	2.0	2.0	7.7793	含结构虚字
3043	将其	3	5.2736	1.585	0.9183	7.7768	含结构虚字
3044	入技	5	6.3328	0.7219	0.7219	7.7766	PMI/得分/频次过低
3045	治疗的患者	5	3.1309	2.3219	2.3219	7.7748	含结构虚字
3046	改善肺	12	3.1485	3.4183	1.2075	7.7743	含结构虚字
3047	无明	4	4.9595	2.0	0.8113	7.7707	含结构虚字
3048	抗氧	5	4.7267	2.3219	0.7219	7.7705	PMI/得分/频次过低
3049	者可见	3	5.2667	0.9183	1.585	7.77	含结构虚字
3050	呼吸支持	3	4.5995	1.585	1.585	7.7695	含结构虚字
3051	前后	9	5.1247	0.9864	1.6577	7.7688	含结构虚字
3052	年发	8	3.6131	2.75	1.4056	7.7688	含结构虚字
3053	ofChronic	4	5.264	1.5	1.0	7.764	过长英文
3054	无抗	4	4.9473	2.0	0.8113	7.7586	PMI/得分/频次过低
3055	的基因	7	3.8551	1.9502	1.9502	7.7556	含结构虚字
3056	用糖皮质激素	5	4.8618	0.971	1.9219	7.7547	含结构虚字
3057	减轻患者	3	4.5843	1.585	1.585	7.7542	含结构虚字
3058	疗原则	7	4.0822	0.8631	2.8074	7.7527	含结构虚字
3059	导致死亡的	4	5.4401	0.8113	1.5	7.7514	含结构虚字
3060	的患者推荐升	4	5.4401	1.5	0.8113	7.7514	含结构虚字
3061	慢阻肺诊断	7	3.5644	2.8074	1.3788	7.7505	PMI/得分/频次过低
3062	减少慢阻肺	6	3.9102	1.9183	1.9183	7.7468	含结构虚字
3063	行了	6	4.5092	0.65	2.585	7.7442	含结构虚字
3064	学杂志	7	4.9146	0.5917	2.2359	7.7422	PMI/得分/频次过低
3065	主要目	3	5.2372	1.585	0.9183	7.7405	含结构虚字
3066	能有一	3	5.2332	0.9183	1.585	7.7364	含结构虚字
3067	2慢阻肺病	5	3.4924	1.9219	2.3219	7.7362	PMI/得分/频次过低
3068	或采用	3	4.5652	1.585	1.585	7.7351	含结构虚字
3069	性心力衰竭	6	4.4997	0.65	2.585	7.7347	含结构虚字
3070	个体因素	3	5.8953	0.9183	0.9183	7.7319	含结构虚字
3071	是慢阻肺的	10	3.5141	2.4464	1.771	7.7315	含结构虚字
3072	剂前	13	5.1352	0.7732	1.823	7.7314	含结构虚字
3073	提示有	3	5.2274	0.9183	1.585	7.7306	含结构虚字
3074	用无创通气	3	5.2244	0.9183	1.585	7.7277	含结构虚字
3075	推动	4	4.2255	2.0	1.5	7.7255	含结构虚字
3076	同时新	3	5.8839	0.9183	0.9183	7.7204	含结构虚字
3077	治疗的药物	3	4.5503	1.585	1.585	7.7202	含结构虚字
3078	心理	6	3.5499	2.2516	1.9183	7.7198	PMI/得分/频次过低
3079	吸烟者的肺	4	5.7173	1.0	1.0	7.7173	含结构虚字
3080	andlong	3	5.8805	0.9183	0.9183	7.7171	过长英文
3081	高血	9	4.0423	3.1699	0.5033	7.7155	PMI/得分/频次过低
3082	科医生应	3	5.2049	0.9183	1.585	7.7082	含结构虚字
3083	质激素治疗	4	4.2075	1.5	2.0	7.7075	含结构虚字
3084	患者出现	4	3.7066	2.0	2.0	7.7066	含结构虚字
3085	COPDA	4	4.2033	2.0	1.5	7.7033	PMI/得分/频次过低
3086	吸入装置的	6	3.3246	2.585	1.7925	7.7021	含结构虚字
3087	有益	4	4.2018	2.0	1.5	7.7018	含结构虚字
3088	物群	6	4.7977	0.65	2.2516	7.6994	PMI/得分/频次过低
3089	用长效β	3	5.8618	0.9183	0.9183	7.6984	含结构虚字
3090	健康研究	8	5.442	1.2988	0.9544	7.6952	含结构虚字
3091	通常与	3	5.8572	0.9183	0.9183	7.6938	含结构虚字
3092	疫苗接种可	3	5.8539	0.9183	0.9183	7.6905	含结构虚字
3093	如FEV	3	4.516	1.585	1.585	7.6859	含结构虚字
3094	气短	4	3.6846	2.0	2.0	7.6846	PMI/得分/频次过低
3095	患者健康状况	3	4.5139	1.585	1.585	7.6838	含结构虚字
3096	确诊患者	3	4.5139	1.585	1.585	7.6838	含结构虚字
3097	黏液高分泌和	3	5.1734	1.585	0.9183	7.6766	含结构虚字
3098	年发生	4	4.676	1.5	1.5	7.676	含结构虚字
3099	标是	6	3.8382	1.2516	2.585	7.6748	含结构虚字
3100	理方	8	4.5171	1.0	2.1556	7.6727	含结构虚字
3101	或其	8	3.3706	3.0	1.2988	7.6694	含结构虚字
3102	的危险因素	10	3.3697	1.571	2.7219	7.6626	含结构虚字
3103	在适当	3	5.1593	1.585	0.9183	7.6625	含结构虚字
3104	的心血管	9	3.3621	2.6416	1.6577	7.6614	含结构虚字
3105	疗效评	4	5.3455	1.5	0.8113	7.6568	含结构虚字
3106	MM	3	5.8184	0.9183	0.9183	7.655	PMI/得分/频次过低
3107	studya	3	5.8168	0.9183	0.9183	7.6534	PMI/得分/频次过低
3108	无效	4	4.1486	1.5	2.0	7.6486	2字常见通用词
3109	期维持	6	5.7438	0.65	1.2516	7.6454	含结构虚字
3110	practiceJ	3	5.8079	0.9183	0.9183	7.6445	过长英文
3111	对烟草	3	5.8072	0.9183	0.9183	7.6438	含结构虚字
3112	个组	3	4.4739	1.585	1.585	7.6438	含结构虚字
3113	应根	6	4.7378	2.2516	0.65	7.6395	含结构虚字
3114	病管理	7	3.2753	1.8424	2.5216	7.6393	PMI/得分/频次过低
3115	于有	15	3.1668	1.231	3.2402	7.638	含结构虚字
3116	重要因	5	4.895	1.371	1.371	7.6369	含结构虚字
3117	的心血管风	5	4.5921	2.3219	0.7219	7.636	含结构虚字
3118	血氧	5	3.942	2.3219	1.371	7.6349	PMI/得分/频次过低
3119	总是	3	4.4638	1.585	1.585	7.6337	含结构虚字
3120	的治疗方	8	3.0825	3.0	1.5488	7.6313	含结构虚字
3121	用抗菌药物	3	5.1249	0.9183	1.585	7.6281	含结构虚字
3122	步评估	3	5.1199	0.9183	1.585	7.6232	含结构虚字
3123	程度和	10	3.7765	0.7219	3.1219	7.6203	含结构虚字
3124	慢阻肺病的发	3	5.1161	1.585	0.9183	7.6194	含结构虚字
3125	作用机制的	4	4.1182	1.5	2.0	7.6182	含结构虚字
3126	用一个	3	4.4468	1.585	1.585	7.6167	含结构虚字
3127	活动和	4	4.1145	1.5	2.0	7.6145	含结构虚字
3128	和家	7	3.3562	2.1281	2.1281	7.6124	含结构虚字
3129	危及生命的	3	4.4401	1.585	1.585	7.61	含结构虚字
3130	最好的	3	4.4401	1.585	1.585	7.61	含结构虚字
3131	理想的	3	4.4401	1.585	1.585	7.61	含结构虚字
3132	优化的	3	4.4401	1.585	1.585	7.61	含结构虚字
3133	用辅助	4	5.9874	0.8113	0.8113	7.6099	含结构虚字
3134	加重的患者	7	4.2217	1.1488	2.2359	7.6065	含结构虚字
3135	成分	4	4.6013	1.5	1.5	7.6013	含结构虚字
3136	物治疗前	3	5.0977	0.9183	1.585	7.601	含结构虚字
3137	发展中	4	5.5975	1.0	1.0	7.5975	含结构虚字
3138	慢阻肺高危	4	5.0958	1.5	1.0	7.5958	PMI/得分/频次过低
3139	诊断与	4	4.0939	2.0	1.5	7.5939	PMI/得分/频次过低
3140	的研究进	6	5.0251	1.9183	0.65	7.5934	含结构虚字
3141	点与	7	4.8357	1.3788	1.3788	7.5932	含结构虚字
3142	大学同	3	5.7546	0.9183	0.9183	7.5912	含结构虚字
3143	可引起	3	4.4209	1.585	1.585	7.5909	含结构虚字
3144	程中	10	3.5444	0.9219	3.1219	7.5882	含结构虚字
3145	产生的	7	4.0775	1.5567	1.9502	7.5844	含结构虚字
3146	andtreatment	3	5.743	0.9183	0.9183	7.5796	过长英文
3147	病的严重程度	5	4.9312	0.7219	1.9219	7.5751	含结构虚字
3148	者进行	12	3.5012	0.65	3.4183	7.5695	含结构虚字
3149	要内容	3	5.0653	0.9183	1.585	7.5686	含结构虚字
3150	肺过度	7	4.4543	2.5216	0.5917	7.5676	含结构虚字
3151	疗后	17	3.6344	0.6402	3.2928	7.5674	PMI/得分/频次过低
3152	也有	4	3.5671	2.0	2.0	7.5671	含结构虚字
3153	或升级	3	5.7227	0.9183	0.9183	7.5593	PMI/得分/频次过低
3154	物治疗方	9	6.0695	0.9864	0.5033	7.5592	含结构虚字
3155	常伴	3	5.0494	1.585	0.9183	7.5526	含结构虚字
3156	所有患者	3	4.3827	1.585	1.585	7.5526	含结构虚字
3157	量FEV	3	4.3808	1.585	1.585	7.5507	含结构虚字
3158	急性加重次数	3	5.7098	0.9183	0.9183	7.5464	含结构虚字
3159	由于慢阻肺	3	4.3759	1.585	1.585	7.5458	含结构虚字
3160	防早	3	5.7083	0.9183	0.9183	7.5449	PMI/得分/频次过低
3161	疾控	3	4.3739	1.585	1.585	7.5438	PMI/得分/频次过低
3162	此时	3	4.3692	1.585	1.585	7.5391	含结构虚字
3163	期慢阻肺	22	3.39	1.6542	2.4949	7.5391	含结构虚字
3164	有抗菌治疗	3	5.0347	1.585	0.9183	7.538	含结构虚字
3165	指出	5	3.844	1.371	2.3219	7.5368	含结构虚字
3166	式呼吸	4	4.7251	0.8113	2.0	7.5364	含结构虚字
3167	中国慢性阻塞	3	5.0318	1.585	0.9183	7.535	含结构虚字
3168	JHeart	3	5.0303	1.585	0.9183	7.5335	PMI/得分/频次过低
3169	lungcancerJ	3	5.0303	0.9183	1.585	7.5335	过长英文
3170	肺领域的	3	5.0251	0.9183	1.585	7.5283	含结构虚字
3171	的患病危	3	5.0251	0.9183	1.585	7.5283	含结构虚字
3172	的治疗常规	3	5.0251	0.9183	1.585	7.5283	含结构虚字
3173	的患者建议	3	5.0251	0.9183	1.585	7.5283	含结构虚字
3174	的临床评	3	5.0251	1.585	0.9183	7.5283	含结构虚字
3175	数对慢	3	5.6915	0.9183	0.9183	7.5281	含结构虚字
3176	因子	3	5.6915	0.9183	0.9183	7.5281	含结构虚字
3177	现有	6	3.0235	2.2516	2.2516	7.5268	含结构虚字
3178	度分	11	3.6181	1.8676	2.0404	7.5261	含结构虚字
3179	比使用	3	4.354	1.585	1.585	7.5239	含结构虚字
3180	道感染是	3	5.6862	0.9183	0.9183	7.5228	含结构虚字
3181	分会慢	15	6.033	0.9183	0.5665	7.5178	含结构虚字
3182	面对	5	4.2223	1.371	1.9219	7.5152	含结构虚字
3183	下呼吸	10	4.069	2.5219	0.9219	7.5129	含结构虚字
3184	南中	8	3.9681	0.5436	3.0	7.5117	含结构虚字
3185	用长效	7	4.8618	1.6645	0.9852	7.5116	含结构虚字
3186	因此在	3	4.3398	1.585	1.585	7.5097	含结构虚字
3187	在社	3	4.3398	1.585	1.585	7.5097	含结构虚字
3188	率减	5	4.8654	1.9219	0.7219	7.5093	含结构虚字
3189	或单	4	4.0053	1.5	2.0	7.5053	含结构虚字
3190	患者首选	3	4.9993	1.585	0.9183	7.5026	含结构虚字
3191	学研究中	7	6.3174	0.5917	0.5917	7.5007	含结构虚字
3192	更高	5	3.8077	2.3219	1.371	7.5006	PMI/得分/频次过低
3193	重的呼吸困难	3	4.9906	0.9183	1.585	7.4939	含结构虚字
3194	进行更新	3	5.6537	0.9183	0.9183	7.4903	含结构虚字
3195	或运动	6	4.4459	1.2516	1.7925	7.49	含结构虚字
3196	领域的	5	4.5921	1.371	1.5219	7.485	含结构虚字
3197	应遵循慢阻肺	5	6.0392	0.7219	0.7219	7.4831	含结构虚字
3198	若分	3	5.6457	0.9183	0.9183	7.4823	含结构虚字
3199	要根据	3	4.3063	1.585	1.585	7.4762	含结构虚字
3200	多样性	3	5.6372	0.9183	0.9183	7.4738	含结构虚字
3201	速率	3	5.6309	0.9183	0.9183	7.4675	含结构虚字
3202	病以下简称	5	6.0187	0.7219	0.7219	7.4626	含结构虚字
3203	性物质	3	4.9591	0.9183	1.585	7.4624	含结构虚字
3204	复发	7	4.0624	1.8424	1.5567	7.4614	含结构虚字
3205	合并慢性肺	3	5.6242	0.9183	0.9183	7.4608	含结构虚字
3206	肺康复治疗	4	4.4543	1.5	1.5	7.4543	含结构虚字
3207	措施是	3	4.9492	0.9183	1.585	7.4525	含结构虚字
3208	染物	7	4.6215	0.5917	2.2359	7.4491	PMI/得分/频次过低
3209	有明	9	3.7371	2.9477	0.7642	7.449	含结构虚字
3210	有关肺功能	3	5.6119	0.9183	0.9183	7.4485	含结构虚字
3211	患者的生	5	4.1551	1.371	1.9219	7.448	含结构虚字
3212	病急性加重期	3	4.9431	0.9183	1.585	7.4463	含结构虚字
3213	加了	9	3.9928	0.5033	2.9477	7.4438	含结构虚字
3214	的干预	7	3.0775	2.5216	1.8424	7.4415	含结构虚字
3215	的预测	4	3.4401	2.0	2.0	7.4401	含结构虚字
3216	病患者的	15	3.4163	0.5665	3.4566	7.4393	含结构虚字
3217	常存在	4	3.9372	1.5	2.0	7.4372	含结构虚字
3218	分层	3	4.2672	1.585	1.585	7.4371	含结构虚字
3219	理干	6	5.8658	0.9183	0.65	7.4341	PMI/得分/频次过低
3220	的严重	23	3.3198	3.3488	0.7654	7.434	含结构虚字
3221	的有效	7	3.2475	2.8074	1.3788	7.4336	含结构虚字
3222	患者吸入装置	4	4.6208	2.0	0.8113	7.4321	含结构虚字
3223	评估以	5	3.1875	1.9219	2.3219	7.4313	含结构虚字
3224	的个体化选择	4	5.1182	0.8113	1.5	7.4295	含结构虚字
3225	所选择的	4	5.1182	1.5	0.8113	7.4295	含结构虚字
3226	下降率	3	5.5914	0.9183	0.9183	7.428	含结构虚字
3227	者健康状况	4	4.6114	0.8113	2.0	7.4227	含结构虚字
3228	治疗常规	4	4.6081	0.8113	2.0	7.4193	含结构虚字
3229	病机制	5	4.3748	0.7219	2.3219	7.4187	含结构虚字
3230	obstructionJ	3	4.9148	0.9183	1.585	7.418	过长英文
3231	预防全	6	5.8486	0.9183	0.65	7.417	含结构虚字
3232	状动脉	5	4.7676	0.7219	1.9219	7.4115	含结构虚字
3233	质性	13	3.1798	0.9913	3.2389	7.4099	含结构虚字
3234	住院或	5	4.5163	0.971	1.9219	7.4091	PMI/得分/频次过低
3235	导致呼吸	5	3.9621	1.9219	1.5219	7.406	含结构虚字
3236	前使用	6	4.5039	0.65	2.2516	7.4055	含结构虚字
3237	度发作	3	4.2348	1.585	1.585	7.4047	含结构虚字
3238	研究表	6	4.498	2.2516	0.65	7.3996	含结构虚字
3239	其临床	4	3.3982	2.0	2.0	7.3982	含结构虚字
3240	预防急性加	4	4.5868	2.0	0.8113	7.398	含结构虚字
3241	者的肺气	3	5.5591	0.9183	0.9183	7.3957	含结构虚字
3242	感觉气	3	5.5591	0.9183	0.9183	7.3957	PMI/得分/频次过低
3243	多糖	3	5.5586	0.9183	0.9183	7.3952	含结构虚字
3244	治疗仍	4	3.8944	2.0	1.5	7.3944	PMI/得分/频次过低
3245	用全身	3	4.2244	1.585	1.585	7.3943	含结构虚字
3246	预防急性加重	3	4.2244	1.585	1.585	7.3943	含结构虚字
3247	改善呼吸困难	3	4.8899	0.9183	1.585	7.3932	含结构虚字
3248	种因素	4	4.581	0.8113	2.0	7.3923	含结构虚字
3249	果不	5	3.5471	1.5219	2.3219	7.3909	含结构虚字
3250	疾病综	4	5.0768	1.5	0.8113	7.3881	含结构虚字
3251	的运动训练	3	4.2177	1.585	1.585	7.3876	含结构虚字
3252	状况和	6	4.4853	0.65	2.2516	7.387	含结构虚字
3253	不仅	3	5.5471	0.9183	0.9183	7.3837	含结构虚字
3254	用但	4	3.3807	2.0	2.0	7.3807	含结构虚字
3255	更为	4	3.3807	2.0	2.0	7.3807	含结构虚字
3256	程度分	6	4.6638	1.2516	1.4591	7.3746	含结构虚字
3257	和普及	3	5.5359	0.9183	0.9183	7.3725	含结构虚字
3258	衰竭的患	3	5.5359	0.9183	0.9183	7.3725	含结构虚字
3259	健康教育和	3	5.5359	0.9183	0.9183	7.3725	含结构虚字
3260	病率在	5	5.1257	0.7219	1.5219	7.3696	含结构虚字
3261	等其他	3	4.8646	0.9183	1.585	7.3679	含结构虚字
3262	龄化	3	5.5288	0.9183	0.9183	7.3654	含结构虚字
3263	性对照药	4	5.0522	0.8113	1.5	7.3635	含结构虚字
3264	一点	4	3.8626	1.5	2.0	7.3626	含结构虚字
3265	症状评	5	3.5182	2.3219	1.5219	7.3621	含结构虚字
3266	控制的	5	3.1182	1.9219	2.3219	7.362	含结构虚字
3267	扩张与	3	4.8572	0.9183	1.585	7.3605	PMI/得分/频次过低
3268	肺疾病诊	23	6.0392	0.5132	0.8077	7.3601	PMI/得分/频次过低
3269	的常见	8	3.0478	2.1556	2.1556	7.3591	含结构虚字
3270	个主要	3	4.8539	1.585	0.9183	7.3572	含结构虚字
3271	而改	3	4.1854	1.585	1.585	7.3554	含结构虚字
3272	的新药	4	3.8551	2.0	1.5	7.3551	含结构虚字
3273	对慢阻肺患	6	4.1154	2.585	0.65	7.3503	含结构虚字
3274	出现心	4	4.8501	1.5	1.0	7.3501	含结构虚字
3275	可有效	3	4.1758	1.585	1.585	7.3458	含结构虚字
3276	为减少	3	4.1738	1.585	1.585	7.3437	含结构虚字
3277	监测和	3	4.1734	1.585	1.585	7.3433	含结构虚字
3278	总分	3	4.8383	1.585	0.9183	7.3416	含结构虚字
3279	解读J	4	5.0303	1.5	0.8113	7.3415	PMI/得分/频次过低
3280	个体化治疗	3	4.8369	1.585	0.9183	7.3401	含结构虚字
3281	影响因	6	4.5471	1.7925	1.0	7.3396	含结构虚字
3282	于血嗜酸	4	5.7164	0.8113	0.8113	7.339	含结构虚字
3283	级医	11	5.0369	1.6172	0.684	7.3381	PMI/得分/频次过低
3284	可能影响	3	4.8304	1.585	0.9183	7.3336	含结构虚字
3285	新图	3	5.4968	0.9183	0.9183	7.3334	PMI/得分/频次过低
3286	次急	6	3.8298	2.2516	1.2516	7.333	含结构虚字
3287	患者的症状	3	4.1584	1.585	1.585	7.3284	含结构虚字
3288	要评估	6	3.4896	1.2516	2.585	7.3262	含结构虚字
3289	为特征	3	4.8223	1.585	0.9183	7.3256	含结构虚字
3290	患者首	4	4.5139	2.0	0.8113	7.3252	含结构虚字
3291	一致性	3	4.1517	1.585	1.585	7.3217	含结构虚字
3292	诊断慢阻肺病	3	4.1493	1.585	1.585	7.3192	PMI/得分/频次过低
3293	还可	4	4.5034	2.0	0.8113	7.3147	含结构虚字
3294	病急性加重的	6	3.2702	1.7925	2.2516	7.3143	含结构虚字
3295	道疾病	7	3.9248	0.8631	2.5216	7.3095	含结构虚字
3296	气道疾病	5	4.2649	0.7219	2.3219	7.3087	含结构虚字
3297	于单	5	4.6649	0.7219	1.9219	7.3087	含结构虚字
3298	肺炎或	3	4.1377	1.585	1.585	7.3077	PMI/得分/频次过低
3299	的指标	5	3.0616	1.9219	2.3219	7.3054	含结构虚字
3300	的证据	5	3.0616	1.9219	2.3219	7.3054	含结构虚字
3301	可用于	3	4.1314	1.585	1.585	7.3014	含结构虚字
3302	慢阻肺发病	5	4.2573	1.5219	1.5219	7.3011	含结构虚字
3303	因素包括	4	4.9884	0.8113	1.5	7.2997	含结构虚字
3304	不适	4	4.4882	2.0	0.8113	7.2995	含结构虚字
3305	哮喘和	4	4.2989	1.5	1.5	7.2989	含结构虚字
3306	外出	3	4.7911	0.9183	1.585	7.2943	含结构虚字
3307	在初始	3	4.7873	1.585	0.9183	7.2905	含结构虚字
3308	的浓度	6	4.1182	1.585	1.585	7.2881	含结构虚字
3309	疗效果	9	4.9005	0.5033	1.88	7.2837	PMI/得分/频次过低
3310	度气流受限	3	4.1119	1.585	1.585	7.2818	含结构虚字
3311	也是慢阻肺的	3	5.4401	0.9183	0.9183	7.2767	含结构虚字
3312	是导致死亡的	3	5.4401	0.9183	0.9183	7.2767	含结构虚字
3313	最重要的	3	5.4401	0.9183	0.9183	7.2767	含结构虚字
3314	的主要原因	3	5.4401	0.9183	0.9183	7.2767	含结构虚字
3315	所产生的	3	5.4401	0.9183	0.9183	7.2767	含结构虚字
3316	点不同的	3	5.4401	0.9183	0.9183	7.2767	含结构虚字
3317	的重要因素	3	5.4401	0.9183	0.9183	7.2767	含结构虚字
3318	缺失数据的	3	5.4401	0.9183	0.9183	7.2767	含结构虚字
3319	的说明和参	3	5.4401	0.9183	0.9183	7.2767	含结构虚字
3320	问卷或	3	4.1012	1.585	1.585	7.2711	PMI/得分/频次过低
3321	种疾病	4	3.2694	2.0	2.0	7.2694	PMI/得分/频次过低
3322	肺的治疗	9	3.8168	0.5033	2.9477	7.2678	含结构虚字
3323	包括年	5	4.6179	1.9219	0.7219	7.2617	含结构虚字
3324	andchronicobstructive	4	3.7595	2.0	1.5	7.2595	过长英文
3325	急性加重发生	4	4.257	2.0	1.0	7.257	含结构虚字
3326	者的心血管	3	5.4187	0.9183	0.9183	7.2553	含结构虚字
3327	响疾病	4	3.7549	2.0	1.5	7.2549	含结构虚字
3328	分型	3	4.085	1.585	1.585	7.2549	含结构虚字
3329	能检测	3	4.7477	0.9183	1.585	7.251	含结构虚字
3330	衰竭心	6	5.3493	0.65	1.2516	7.251	PMI/得分/频次过低
3331	罗等	3	4.7468	0.9183	1.585	7.2501	含结构虚字
3332	患者日	6	4.2058	1.7925	1.2516	7.2499	含结构虚字
3333	不明	4	3.2494	2.0	2.0	7.2494	含结构虚字
3334	但需	3	4.745	1.585	0.9183	7.2482	含结构虚字
3335	气容积	3	5.4071	0.9183	0.9183	7.2437	PMI/得分/频次过低
3336	力学	8	4.198	0.5436	2.5	7.2416	含结构虚字
3337	变化与	5	5.7977	0.7219	0.7219	7.2416	PMI/得分/频次过低
3338	有很	4	4.9262	1.5	0.8113	7.2375	含结构虚字
3339	研究J中	3	4.7299	1.585	0.9183	7.2332	含结构虚字
3340	用力	13	3.8804	2.3535	0.9957	7.2297	含结构虚字
3341	AA	4	5.2259	1.0	1.0	7.2259	PMI/得分/频次过低
3342	和合并症	6	3.3891	1.9183	1.9183	7.2257	含结构虚字
3343	oflung	3	4.0554	1.585	1.585	7.2253	PMI/得分/频次过低
3344	和未	5	3.3798	1.9219	1.9219	7.2237	含结构虚字
3345	或存在	4	3.2235	2.0	2.0	7.2235	含结构虚字
3346	肺疾病诊治	19	6.0392	0.5907	0.5907	7.2207	PMI/得分/频次过低
3347	组慢性	7	4.9593	1.6645	0.5917	7.2155	含结构虚字
3348	JA	12	4.0454	1.585	1.585	7.2153	PMI/得分/频次过低
3349	可减	6	3.5034	2.2516	1.4591	7.2142	含结构虚字
3350	诊断和治疗	3	5.3774	0.9183	0.9183	7.214	含结构虚字
3351	对策	4	4.7133	1.0	1.5	7.2133	含结构虚字
3352	期反复	3	5.376	0.9183	0.9183	7.2126	含结构虚字
3353	cancerJ	3	4.7083	0.9183	1.585	7.2116	过长英文
3354	性脑	3	5.3741	0.9183	0.9183	7.2107	含结构虚字
3355	在平	5	3.9176	1.9219	1.371	7.2105	含结构虚字
3356	的危险	15	3.7924	1.8566	1.5589	7.2079	含结构虚字
3357	的目的是	3	4.7031	0.9183	1.585	7.2064	含结构虚字
3358	的统计	3	4.7031	1.585	0.9183	7.2064	含结构虚字
3359	更高的	3	4.7031	1.585	0.9183	7.2064	含结构虚字
3360	患病率在	4	5.2023	1.0	1.0	7.2023	含结构虚字
3361	功能参	8	5.7039	0.5436	0.9544	7.2019	含结构虚字
3362	明新	4	4.7017	1.0	1.5	7.2017	含结构虚字
3363	可以降	3	4.6956	1.585	0.9183	7.1988	含结构虚字
3364	能减少	4	3.6971	2.0	1.5	7.1971	含结构虚字
3365	的标志	3	4.0251	1.585	1.585	7.195	含结构虚字
3366	有一定的	3	4.0251	1.585	1.585	7.195	含结构虚字
3367	类似的	3	4.0251	1.585	1.585	7.195	含结构虚字
3368	的给药	3	4.0251	1.585	1.585	7.195	含结构虚字
3369	更多的	3	4.0251	1.585	1.585	7.195	含结构虚字
3370	任一	3	4.6915	1.585	0.9183	7.1947	含结构虚字
3371	及健康状	3	5.3488	0.9183	0.9183	7.1854	含结构虚字
3372	慢阻肺诊疗	3	4.6808	0.9183	1.585	7.184	PMI/得分/频次过低
3373	症状的患	5	4.5387	1.9219	0.7219	7.1826	含结构虚字
3374	入药物治疗	3	4.6783	0.9183	1.585	7.1815	PMI/得分/频次过低
3375	及预防	5	5.0858	1.371	0.7219	7.1787	含结构虚字
3376	张剂前后的	4	4.8551	0.8113	1.5	7.1664	含结构虚字
3377	能在慢阻肺	4	4.8546	0.8113	1.5	7.1659	含结构虚字
3378	在吸入支气管	3	4.6618	0.9183	1.585	7.165	含结构虚字
3379	治疗病情	4	4.1645	2.0	1.0	7.1645	含结构虚字
3380	有限	4	3.1644	2.0	2.0	7.1644	含结构虚字
3381	道内	3	3.9884	1.585	1.585	7.1584	含结构虚字
3382	了肺功能	3	3.9863	1.585	1.585	7.1562	含结构虚字
3383	面评估	3	4.6521	0.9183	1.585	7.1554	含结构虚字
3384	了肺功	4	4.344	2.0	0.8113	7.1553	含结构虚字
3385	诊疗方	3	4.6514	1.585	0.9183	7.1547	含结构虚字
3386	的患者中	4	3.1545	2.0	2.0	7.1545	含结构虚字
3387	次急性加重	4	3.6524	1.5	2.0	7.1524	含结构虚字
3388	1慢阻肺病	6	3.4412	1.7925	1.9183	7.1519	PMI/得分/频次过低
3389	应常规	3	4.6486	1.585	0.9183	7.1518	含结构虚字
3390	肺组织	4	4.3388	0.8113	2.0	7.1501	含结构虚字
3391	于长期	3	3.9794	1.585	1.585	7.1494	含结构虚字
3392	的患者可	4	3.1479	2.0	2.0	7.1479	含结构虚字
3393	疾病中的	3	5.3081	0.9183	0.9183	7.1447	含结构虚字
3394	用基于	3	4.6394	0.9183	1.585	7.1427	含结构虚字
3395	度进行	6	3.6392	1.2516	2.2516	7.1424	含结构虚字
3396	患者出	8	3.3905	2.75	1.0	7.1405	含结构虚字
3397	性呼吸困难的	3	4.6372	0.9183	1.585	7.1404	含结构虚字
3398	剂LAMA	3	3.968	1.585	1.585	7.1379	PMI/得分/频次过低
3399	的比值	4	3.6327	1.5	2.0	7.1327	含结构虚字
3400	不良事件的	4	4.6327	1.5	1.0	7.1327	含结构虚字
3401	稳定期慢性	3	3.9591	1.585	1.585	7.129	含结构虚字
3402	患者预后	3	3.952	1.585	1.585	7.122	含结构虚字
3403	衰竭患者	4	3.6208	1.5	2.0	7.1208	PMI/得分/频次过低
3404	议对	5	4.0747	0.7219	2.3219	7.1186	含结构虚字
3405	的最新	4	4.1182	1.5	1.5	7.1182	含结构虚字
3406	临床试验的	4	4.1182	1.5	1.5	7.1182	含结构虚字
3407	对照药的	4	4.1182	1.5	1.5	7.1182	含结构虚字
3408	早期慢	6	3.8771	2.585	0.65	7.1121	含结构虚字
3409	将患者	4	4.1118	1.5	1.5	7.1118	含结构虚字
3410	国慢阻肺	11	3.3298	0.8659	2.914	7.1096	PMI/得分/频次过低
3411	疗指南	7	3.2078	1.3788	2.5216	7.1082	PMI/得分/频次过低
3412	可导致气	3	5.2696	0.9183	0.9183	7.1062	含结构虚字
3413	病合并	18	4.0212	0.9445	2.1405	7.1062	含结构虚字
3414	肺的患病	8	5.2319	1.0613	0.8113	7.1044	含结构虚字
3415	学院	8	4.0554	1.2988	1.75	7.1042	PMI/得分/频次过低
3416	减少慢	8	3.7917	2.5	0.8113	7.103	含结构虚字
3417	以改	15	4.7912	1.0389	1.2729	7.103	含结构虚字
3418	等方	5	3.8075	1.9219	1.371	7.1004	含结构虚字
3419	了一	4	3.5995	2.0	1.5	7.0995	含结构虚字
3420	剂主要	3	3.9279	1.585	1.585	7.0978	含结构虚字
3421	和健康	8	3.629	2.4056	1.0613	7.096	含结构虚字
3422	或预防	5	4.3528	1.371	1.371	7.0947	含结构虚字
3423	率增加	3	4.5914	0.9183	1.585	7.0947	含结构虚字
3424	的不良	12	3.3812	2.5221	1.1887	7.092	含结构虚字
3425	有抗菌	4	4.2799	2.0	0.8113	7.0911	含结构虚字
3426	药物治疗和	4	3.0859	2.0	2.0	7.0859	含结构虚字
3427	阻肺病的发	4	5.4633	0.8113	0.8113	7.0858	含结构虚字
3428	与症状	4	3.0855	2.0	2.0	7.0855	含结构虚字
3429	的结局	4	4.2702	0.8113	2.0	7.0815	含结构虚字
3430	严重程度分	4	4.768	1.5	0.8113	7.0792	含结构虚字
3431	为慢阻肺病	4	3.0718	2.0	2.0	7.0718	含结构虚字
3432	近年来慢	3	5.2347	0.9183	0.9183	7.0712	含结构虚字
3433	病危险因素	5	3.6264	1.5219	1.9219	7.0702	含结构虚字
3434	的个体化	6	4.0251	1.7925	1.2516	7.0692	含结构虚字
3435	者出院	5	5.6252	0.7219	0.7219	7.0691	含结构虚字
3436	息状	3	5.2299	0.9183	0.9183	7.0665	含结构虚字
3437	学M	5	4.7206	0.971	1.371	7.0625	PMI/得分/频次过低
3438	气流阻塞的	5	3.762	1.9219	1.371	7.0549	含结构虚字
3439	心力衰竭和	3	3.8839	1.585	1.585	7.0538	含结构虚字
3440	考虑其	4	4.2398	2.0	0.8113	7.0511	含结构虚字
3441	药物作用	4	4.739	1.5	0.8113	7.0503	含结构虚字
3442	后周	3	5.2115	0.9183	0.9183	7.0481	PMI/得分/频次过低
3443	剂前后的	5	4.9547	0.7219	1.371	7.0476	含结构虚字
3444	吸支持	4	4.2336	0.8113	2.0	7.0448	含结构虚字
3445	可引	4	4.2333	2.0	0.8113	7.0446	含结构虚字
3446	治疗反	6	3.2075	2.585	1.2516	7.0441	含结构虚字
3447	开展肺	4	4.2319	2.0	0.8113	7.0431	PMI/得分/频次过低
3448	重度慢	9	4.1192	2.4194	0.5033	7.0418	含结构虚字
3449	者可以改	4	5.4187	0.8113	0.8113	7.0413	含结构虚字
3450	展肺功能	4	4.7299	0.8113	1.5	7.0412	含结构虚字
3451	患者长期	4	3.5399	1.5	2.0	7.0399	含结构虚字
3452	病的发生	5	4.6968	0.971	1.371	7.0387	含结构虚字
3453	根据全	3	5.1966	0.9183	0.9183	7.0332	含结构虚字
3454	慢阻肺筛查	3	3.8613	1.585	1.585	7.0313	含结构虚字
3455	量减少	3	4.5228	1.585	0.9183	7.026	含结构虚字
3456	的干预措施	3	3.8551	1.585	1.585	7.0251	含结构虚字
3457	害因	3	5.1845	0.9183	0.9183	7.0211	含结构虚字
3458	机械通气治疗	3	4.5149	0.9183	1.585	7.0182	含结构虚字
3459	雾吸入	4	5.3932	0.8113	0.8113	7.0158	含结构虚字
3460	治疗的患	7	3.345	2.5216	1.1488	7.0155	含结构虚字
3461	很有	3	4.5112	0.9183	1.585	7.0144	含结构虚字
3462	高风险	4	4.0127	2.0	1.0	7.0127	PMI/得分/频次过低
3463	分压	3	3.8383	1.585	1.585	7.0083	含结构虚字
3464	种吸入	3	3.8338	1.585	1.585	7.0037	含结构虚字
3465	患者均	5	4.3578	1.9219	0.7219	7.0016	PMI/得分/频次过低
3466	组慢性阻塞性	3	4.4981	1.585	0.9183	7.0014	含结构虚字
3467	策支	3	5.1562	0.9183	0.9183	6.9928	含结构虚字
3468	具有重	5	3.9424	2.3219	0.7219	6.9863	含结构虚字
3469	要合并症	3	3.8115	1.585	1.585	6.9815	含结构虚字
3470	和健康状	6	4.5359	1.7925	0.65	6.9784	含结构虚字
3471	特异	3	4.4741	1.585	0.9183	6.9774	含结构虚字
3472	医学分	4	3.9733	1.5	1.5	6.9733	含结构虚字
3473	防医学	3	5.1318	0.9183	0.9183	6.9684	PMI/得分/频次过低
3474	痰和	5	3.2729	1.371	2.3219	6.9658	含结构虚字
3475	大规	3	5.1269	0.9183	0.9183	6.9634	含结构虚字
3476	用于治疗	3	3.7925	1.585	1.585	6.9624	含结构虚字
3477	效果可	4	4.4616	1.5	1.0	6.9616	含结构虚字
3478	疾病预	5	3.1174	2.3219	1.5219	6.9613	含结构虚字
3479	来进	4	3.957	1.5	1.5	6.957	含结构虚字
3480	应检	5	3.2612	2.3219	1.371	6.9541	含结构虚字
3481	入组	3	3.7809	1.585	1.585	6.9508	含结构虚字
3482	减轻慢阻肺	3	4.4463	1.585	0.9183	6.9496	含结构虚字
3483	也与	4	4.6375	1.5	0.8113	6.9488	含结构虚字
3484	戒烟药物	3	4.4453	0.9183	1.585	6.9486	PMI/得分/频次过低
3485	治疗目标的	4	4.6327	1.5	0.8113	6.944	含结构虚字
3486	就诊的	3	4.4401	0.9183	1.585	6.9434	含结构虚字
3487	的影响因	3	4.4401	1.585	0.9183	6.9434	含结构虚字
3488	片和	3	4.4364	0.9183	1.585	6.9397	含结构虚字
3489	和阳	3	4.4364	1.585	0.9183	6.9397	含结构虚字
3490	患者焦虑	3	5.0989	0.9183	0.9183	6.9355	含结构虚字
3491	果存在	3	4.429	0.9183	1.585	6.9323	含结构虚字
3492	件的	9	3.2881	1.2244	2.4194	6.9319	含结构虚字
3493	章慢	3	4.4273	1.585	0.9183	6.9306	PMI/得分/频次过低
3494	可能导致	3	5.0934	0.9183	0.9183	6.93	含结构虚字
3495	肺动脉高压和	3	3.7583	1.585	1.585	6.9283	含结构虚字
3496	具有一	3	4.4158	1.585	0.9183	6.9191	含结构虚字
3497	若患	3	4.4095	1.585	0.9183	6.9128	含结构虚字
3498	患者的临床	3	3.7363	1.585	1.585	6.9062	含结构虚字
3499	率更	3	3.7348	1.585	1.585	6.9047	含结构虚字
3500	关重要	3	4.4011	0.9183	1.585	6.9043	含结构虚字
3501	状降低	3	4.3999	0.9183	1.585	6.9031	含结构虚字
3502	中根据	3	3.723	1.585	1.585	6.8929	含结构虚字
3503	重度或	3	3.7227	1.585	1.585	6.8926	含结构虚字
3504	但临床	3	4.3847	1.585	0.9183	6.8879	含结构虚字
3505	较基	3	4.3819	1.585	0.9183	6.8852	含结构虚字
3506	性加重且	3	4.377	0.9183	1.585	6.8802	含结构虚字
3507	JEurJ	3	3.7083	1.585	1.585	6.8783	PMI/得分/频次过低
3508	性恶化	3	4.3741	0.9183	1.585	6.8774	含结构虚字
3509	使用抗	3	3.7071	1.585	1.585	6.877	含结构虚字
3510	次要	6	3.9713	2.2516	0.65	6.873	含结构虚字
3511	征需	3	4.3681	1.585	0.9183	6.8714	含结构虚字
3512	的重要原因	3	5.0251	0.9183	0.9183	6.8617	含结构虚字
3513	的常见原因	3	5.0251	0.9183	0.9183	6.8617	含结构虚字
3514	完全可逆的	3	5.0251	0.9183	0.9183	6.8617	含结构虚字
3515	人口	3	5.0236	0.9183	0.9183	6.8602	含结构虚字
3516	性加重频	5	5.4135	0.7219	0.7219	6.8574	含结构虚字
3517	起效	3	4.3502	0.9183	1.585	6.8535	含结构虚字
3518	性心力	8	4.7303	1.0613	1.0613	6.8528	含结构虚字
3519	治疗反应	4	3.345	2.0	1.5	6.845	含结构虚字
3520	低估	3	3.6721	1.585	1.585	6.842	含结构虚字
3521	率增	5	4.348	1.5219	0.971	6.8409	含结构虚字
3522	着重	3	4.3367	1.585	0.9183	6.84	PMI/得分/频次过低
3523	用空	3	4.3313	0.9183	1.585	6.8346	含结构虚字
3524	的室	8	3.2702	2.1556	1.4056	6.8315	含结构虚字
3525	复检	3	4.3245	1.585	0.9183	6.8277	含结构虚字
3526	或升	4	4.5163	1.5	0.8113	6.8275	PMI/得分/频次过低
3527	需进	4	3.3252	2.0	1.5	6.8252	含结构虚字
3528	但不	3	3.6509	1.585	1.585	6.8208	含结构虚字
3529	主要是	4	3.8183	1.5	1.5	6.8183	含结构虚字
3530	疗方	45	5.003	0.5049	1.3033	6.8112	含结构虚字
3531	作为慢阻肺	3	3.6389	1.585	1.585	6.8089	含结构虚字
3532	肺水肿	3	4.3023	0.9183	1.585	6.8055	PMI/得分/频次过低
3533	根据慢	5	3.5122	2.3219	0.971	6.8051	含结构虚字
3534	对所	4	3.992	2.0	0.8113	6.8033	含结构虚字
3535	剂LABA	5	4.1543	0.7219	1.9219	6.7981	PMI/得分/频次过低
3536	史或	3	3.6158	1.585	1.585	6.7857	PMI/得分/频次过低
3537	痰或	3	3.6158	1.585	1.585	6.7857	PMI/得分/频次过低
3538	严重程度并	3	4.2806	0.9183	1.585	6.7839	含结构虚字
3539	有足	3	4.2799	1.585	0.9183	6.7831	含结构虚字
3540	等因素	3	3.6119	1.585	1.585	6.7818	含结构虚字
3541	相关疾	4	3.2761	2.0	1.5	6.7761	含结构虚字
3542	致慢阻肺病	5	4.5312	0.7219	1.5219	6.775	含结构虚字
3543	义是	3	4.2711	0.9183	1.585	6.7744	含结构虚字
3544	受限和	7	3.6588	0.5917	2.5216	6.7721	含结构虚字
3545	呼吸衰竭的	4	3.2702	2.0	1.5	6.7702	含结构虚字
3546	变量	3	3.5994	1.585	1.585	6.7693	含结构虚字
3547	入了	3	3.5958	1.585	1.585	6.7657	含结构虚字
3548	FEV是	3	3.5931	1.585	1.585	6.763	含结构虚字
3549	的目的	4	4.4401	1.5	0.8113	6.7514	含结构虚字
3550	为一	7	3.2429	1.6645	1.8424	6.7498	含结构虚字
3551	于这	5	4.1054	0.7219	1.9219	6.7493	含结构虚字
3552	所有慢阻肺	3	4.2447	1.585	0.9183	6.7479	含结构虚字
3553	性加重期	12	3.7093	0.8167	2.2213	6.7472	含结构虚字
3554	临床相	6	3.8434	2.2516	0.65	6.7451	含结构虚字
3555	重的患者	8	3.7011	0.5436	2.5	6.7447	含结构虚字
3556	合并慢	10	3.1261	2.6464	0.971	6.7435	含结构虚字
3557	影响患者的	4	5.1182	0.8113	0.8113	6.7407	含结构虚字
3558	的综合评估	3	3.5656	1.585	1.585	6.7356	含结构虚字
3559	三联治疗的	3	3.5656	1.585	1.585	6.7356	含结构虚字
3560	的需求	3	3.5656	1.585	1.585	6.7356	含结构虚字
3561	的要求	3	3.5656	1.585	1.585	6.7356	含结构虚字
3562	个不	4	3.2251	2.0	1.5	6.7251	含结构虚字
3563	药品的	3	4.2177	1.585	0.9183	6.721	含结构虚字
3564	的全程管理	3	4.2177	0.9183	1.585	6.721	含结构虚字
3565	方程的	3	4.2177	1.585	0.9183	6.721	含结构虚字
3566	的室外	3	4.2177	1.585	0.9183	6.721	含结构虚字
3567	肺泡和	3	4.8839	0.9183	0.9183	6.7204	含结构虚字
3568	预防和	5	3.2729	1.9219	1.5219	6.7168	含结构虚字
3569	类药	7	4.9717	1.1488	0.5917	6.7122	含结构虚字
3570	现严重	4	4.7106	1.0	1.0	6.7106	含结构虚字
3571	1吸入	5	3.4136	1.9219	1.371	6.7065	含结构虚字
3572	平行	3	4.198	1.585	0.9183	6.7013	含结构虚字
3573	步评	4	5.0764	0.8113	0.8113	6.6989	含结构虚字
3574	据表	4	4.8873	1.0	0.8113	6.6985	含结构虚字
3575	务中	3	4.8605	0.9183	0.9183	6.6971	含结构虚字
3576	导致慢	9	3.6903	2.5033	0.5033	6.6969	含结构虚字
3577	其临	5	3.6501	2.3219	0.7219	6.694	含结构虚字
3578	与发病	3	4.8572	0.9183	0.9183	6.6938	含结构虚字
3579	衡的	4	3.1922	2.0	1.5	6.6922	含结构虚字
3580	管舒张剂后的	4	3.1922	1.5	2.0	6.6922	含结构虚字
3581	并需要	3	3.5203	1.585	1.585	6.6902	含结构虚字
3582	在接受	4	4.3764	0.8113	1.5	6.6876	含结构虚字
3583	的患者考虑	3	4.8495	0.9183	0.9183	6.6861	含结构虚字
3584	最新的	5	4.4401	1.5219	0.7219	6.684	含结构虚字
3585	应通过	3	3.511	1.585	1.585	6.681	含结构虚字
3586	症状较	3	4.1761	1.585	0.9183	6.6794	含结构虚字
3587	无急性加重	3	3.5082	1.585	1.585	6.6781	含结构虚字
3588	级级	3	4.8414	0.9183	0.9183	6.678	PMI/得分/频次过低
3589	为轻	3	4.1738	1.585	0.9183	6.677	含结构虚字
3590	咳痰和	3	4.1734	0.9183	1.585	6.6766	含结构虚字
3591	支气管炎和	3	4.1734	0.9183	1.585	6.6766	含结构虚字
3592	或雾化	3	4.8382	0.9183	0.9183	6.6748	PMI/得分/频次过低
3593	全因	5	3.3817	2.3219	0.971	6.6746	含结构虚字
3594	高分	13	4.2693	1.5059	0.8905	6.6657	含结构虚字
3595	动减少	3	4.1619	0.9183	1.585	6.6652	含结构虚字
3596	医生在	3	4.1593	1.585	0.9183	6.6625	含结构虚字
3597	andthe	3	3.4882	1.585	1.585	6.6581	PMI/得分/频次过低
3598	肺气肿和	3	3.4853	1.585	1.585	6.6552	含结构虚字
3599	案后	4	5.0304	0.8113	0.8113	6.653	PMI/得分/频次过低
3600	于气流受限	3	4.1461	0.9183	1.585	6.6493	含结构虚字
3601	合使用	5	3.3445	0.971	2.3219	6.6374	含结构虚字
3602	时考虑	3	3.4659	1.585	1.585	6.6358	含结构虚字
3603	异常可	3	4.1314	0.9183	1.585	6.6347	含结构虚字
3604	式可	3	4.1314	0.9183	1.585	6.6347	含结构虚字
3605	有重要	5	3.9903	0.7219	1.9219	6.6342	含结构虚字
3606	的患病	14	3.7899	2.0931	0.7496	6.6325	含结构虚字
3607	量降低	3	4.7958	0.9183	0.9183	6.6324	含结构虚字
3608	使用吸入	3	3.4623	1.585	1.585	6.6323	含结构虚字
3609	药物LAMA	3	4.1284	0.9183	1.585	6.6317	PMI/得分/频次过低
3610	新慢阻肺病	5	4.5312	0.7219	1.371	6.6241	PMI/得分/频次过低
3611	有充	3	3.4498	1.585	1.585	6.6197	含结构虚字
3612	性炎症	4	3.6192	1.0	2.0	6.6192	含结构虚字
3613	的定义	4	3.1182	2.0	1.5	6.6182	含结构虚字
3614	方案后	3	4.7798	0.9183	0.9183	6.6163	含结构虚字
3615	的相对	3	3.4401	1.585	1.585	6.61	含结构虚字
3616	与慢阻肺病的	3	3.4401	1.585	1.585	6.61	含结构虚字
3617	少年	4	4.296	0.8113	1.5	6.6072	含结构虚字
3618	系统功能	3	4.7695	0.9183	0.9183	6.6061	含结构虚字
3619	会感	3	4.1009	1.585	0.9183	6.6042	PMI/得分/频次过低
3620	装置的	10	3.5921	1.1568	1.8464	6.5953	含结构虚字
3621	或FEV	3	3.4231	1.585	1.585	6.5931	PMI/得分/频次过低
3622	的任	9	3.3621	2.7255	0.5033	6.5908	含结构虚字
3623	肌功能	4	4.9669	0.8113	0.8113	6.5895	含结构虚字
3624	存在呼吸困难	3	4.7509	0.9183	0.9183	6.5875	含结构虚字
3625	急性加重的发	3	4.0832	1.585	0.9183	6.5865	含结构虚字
3626	药物相	4	3.0859	2.0	1.5	6.5859	含结构虚字
3627	多个	3	4.0779	0.9183	1.585	6.5812	含结构虚字
3628	标准慢阻肺	3	3.4107	1.585	1.585	6.5806	含结构虚字
3629	康复可	5	3.9355	1.9219	0.7219	6.5794	含结构虚字
3630	的患者如	3	4.073	1.585	0.9183	6.5763	含结构虚字
3631	和纤	4	4.951	0.8113	0.8113	6.5735	含结构虚字
3632	议使	7	5.3884	0.5917	0.5917	6.5717	含结构虚字
3633	要进	13	3.9804	1.352	1.2389	6.5713	含结构虚字
3634	内活	4	4.9478	0.8113	0.8113	6.5704	PMI/得分/频次过低
3635	发生急性加重	4	4.257	1.5	0.8113	6.5682	含结构虚字
3636	ofpatients	3	3.3983	1.585	1.585	6.5682	过长英文
3637	组分	3	3.3978	1.585	1.585	6.5677	含结构虚字
3638	毒性	4	3.5668	1.5	1.5	6.5668	含结构虚字
3639	要症状	6	3.3311	0.65	2.585	6.5661	含结构虚字
3640	事件的	6	3.8551	1.2516	1.4591	6.5659	含结构虚字
3641	于重度	3	4.0604	0.9183	1.585	6.5636	含结构虚字
3642	医学院	5	4.8688	0.971	0.7219	6.5617	PMI/得分/频次过低
3643	因型	3	4.0567	0.9183	1.585	6.56	含结构虚字
3644	和联合	3	3.3891	1.585	1.585	6.559	含结构虚字
3645	常见的可	3	4.7164	0.9183	0.9183	6.553	含结构虚字
3646	与其	4	3.0526	2.0	1.5	6.5526	含结构虚字
3647	肺气肿患者	3	4.0482	0.9183	1.585	6.5515	PMI/得分/频次过低
3648	查是	5	3.2532	1.371	1.9219	6.5461	含结构虚字
3649	国实	4	4.9235	0.8113	0.8113	6.546	PMI/得分/频次过低
3650	病因此	3	3.3748	1.585	1.585	6.5448	含结构虚字
3651	改善症状	3	4.0403	1.585	0.9183	6.5435	含结构虚字
3652	破坏肺	3	4.0392	1.585	0.9183	6.5425	PMI/得分/频次过低
3653	为个	4	3.5399	1.5	1.5	6.5399	含结构虚字
3654	的概	3	4.7031	0.9183	0.9183	6.5397	含结构虚字
3655	的核心	3	4.7031	0.9183	0.9183	6.5397	含结构虚字
3656	4中华	3	4.0364	1.585	0.9183	6.5397	含结构虚字
3657	之前的	3	4.7031	0.9183	0.9183	6.5397	含结构虚字
3658	床医	16	4.5546	0.9934	0.9887	6.5367	PMI/得分/频次过低
3659	可选	4	3.0363	2.0	1.5	6.5363	含结构虚字
3660	血个	3	3.3642	1.585	1.585	6.5342	PMI/得分/频次过低
3661	与慢阻肺的	10	3.5921	1.371	1.571	6.534	含结构虚字
3662	家人	3	4.6968	0.9183	0.9183	6.5334	含结构虚字
3663	足够的	3	4.0251	1.585	0.9183	6.5283	含结构虚字
3664	性肺	150	3.2765	1.3809	1.87	6.5275	含结构虚字
3665	数对	5	3.2334	1.9219	1.371	6.5263	含结构虚字
3666	进行更	4	4.2121	1.5	0.8113	6.5234	含结构虚字
3667	肿患者	4	3.7066	0.8113	2.0	6.5178	PMI/得分/频次过低
3668	性肺气肿	4	3.5162	1.5	1.5	6.5162	含结构虚字
3669	行动	5	3.0703	1.5219	1.9219	6.5142	含结构虚字
3670	者建议	5	3.4677	0.7219	2.3219	6.5115	含结构虚字
3671	协和	4	3.5104	1.5	1.5	6.5104	含结构虚字
3672	增了	3	4.0059	0.9183	1.585	6.5092	含结构虚字
3673	示有	4	3.6949	0.8113	2.0	6.5062	含结构虚字
3674	慢阻肺早	6	3.9353	1.9183	0.65	6.5037	PMI/得分/频次过低
3675	一氧	5	3.6103	1.5219	1.371	6.5031	含结构虚字
3676	未发	3	3.9975	1.585	0.9183	6.5008	含结构虚字
3677	症状如	4	3.4964	1.5	1.5	6.4964	含结构虚字
3678	是GOLD	3	3.3263	1.585	1.585	6.4962	含结构虚字
3679	加速	3	3.9928	1.585	0.9183	6.496	PMI/得分/频次过低
3680	内部	3	4.6583	0.9183	0.9183	6.4949	含结构虚字
3681	为主的	3	3.3246	1.585	1.585	6.4945	含结构虚字
3682	风险增加的	3	3.3246	1.585	1.585	6.4945	含结构虚字
3683	肺领域	4	4.8693	0.8113	0.8113	6.4919	含结构虚字
3684	严重呼吸	5	3.4475	2.3219	0.7219	6.4914	含结构虚字
3685	对慢性阻塞	6	3.5888	2.2516	0.65	6.4905	含结构虚字
3686	况和	7	3.3759	0.5917	2.5216	6.4892	含结构虚字
3687	可减少	3	3.3179	1.585	1.585	6.4878	含结构虚字
3688	病中的	4	4.1732	0.8113	1.5	6.4845	含结构虚字
3689	相关因	4	3.4841	2.0	1.0	6.4841	含结构虚字
3690	慢阻肺患者可	4	3.4823	1.5	1.5	6.4823	含结构虚字
3691	和长期	6	3.5619	1.4591	1.4591	6.4802	含结构虚字
3692	发育和	3	4.6428	0.9183	0.9183	6.4794	含结构虚字
3693	病患者中	4	3.6667	0.8113	2.0	6.478	含结构虚字
3694	中缺	3	3.973	1.585	0.9183	6.4762	含结构虚字
3695	的慢阻肺病患	9	3.0251	2.9477	0.5033	6.476	含结构虚字
3696	次为	4	3.6524	0.8113	2.0	6.4637	含结构虚字
3697	中华预	3	3.9602	1.585	0.9183	6.4635	含结构虚字
3698	功能不	7	3.1845	2.1281	1.1488	6.4614	含结构虚字
3699	诊断不	3	3.2907	1.585	1.585	6.4607	含结构虚字
3700	和过度	3	3.951	1.585	0.9183	6.4542	含结构虚字
3701	有共	3	3.9473	1.585	0.9183	6.4505	含结构虚字
3702	常发生	3	3.947	1.585	0.9183	6.4503	含结构虚字
3703	病严重程度	5	3.404	0.7219	2.3219	6.4478	含结构虚字
3704	和呼吸	66	4.2065	0.9766	1.2638	6.4469	含结构虚字
3705	疾病严	5	3.8005	1.9219	0.7219	6.4443	PMI/得分/频次过低
3706	的发展	4	3.4401	2.0	1.0	6.4401	含结构虚字
3707	轨迹的	4	4.4401	1.0	1.0	6.4401	含结构虚字
3708	方面对	3	4.6008	0.9183	0.9183	6.4374	含结构虚字
3709	难点	3	4.6008	0.9183	0.9183	6.4374	含结构虚字
3710	研究方	5	3.5444	1.9219	0.971	6.4373	含结构虚字
3711	效抗	7	4.5847	0.9852	0.8631	6.4331	PMI/得分/频次过低
3712	轻症	5	4.3378	1.371	0.7219	6.4306	PMI/得分/频次过低
3713	家康	3	4.5914	0.9183	0.9183	6.428	PMI/得分/频次过低
3714	也能	3	3.2574	1.585	1.585	6.4273	含结构虚字
3715	指征者	3	4.5887	0.9183	0.9183	6.4253	含结构虚字
3716	稳定期治疗	3	3.2519	1.585	1.585	6.4218	含结构虚字
3717	发生急性	5	4.3278	1.371	0.7219	6.4207	含结构虚字
3718	变为	3	3.2504	1.585	1.585	6.4203	含结构虚字
3719	相结	4	3.6086	2.0	0.8113	6.4199	含结构虚字
3720	基因的	5	3.3697	1.5219	1.5219	6.4136	含结构虚字
3721	高反应	5	4.9669	0.7219	0.7219	6.4108	含结构虚字
3722	比较吸	3	4.5734	0.9183	0.9183	6.41	含结构虚字
3723	症细胞	5	4.3131	0.7219	1.371	6.406	PMI/得分/频次过低
3724	以及慢阻	4	3.5871	2.0	0.8113	6.3983	含结构虚字
3725	受限的	12	3.1182	0.65	2.6258	6.394	含结构虚字
3726	作用可	3	3.2216	1.585	1.585	6.3916	含结构虚字
3727	是所	4	4.0774	1.5	0.8113	6.3886	含结构虚字
3728	高且	3	4.5519	0.9183	0.9183	6.3885	PMI/得分/频次过低
3729	于慢阻肺的	3	3.2177	1.585	1.585	6.3876	含结构虚字
3730	以及慢阻肺	3	3.2136	1.585	1.585	6.3836	含结构虚字
3731	实用	5	3.6394	1.371	1.371	6.3813	含结构虚字
3732	及是否	3	4.5415	0.9183	0.9183	6.3781	含结构虚字
3733	患者未	3	3.2058	1.585	1.585	6.3757	含结构虚字
3734	症状严重	3	3.8721	1.585	0.9183	6.3754	含结构虚字
3735	识别和	3	4.5359	0.9183	0.9183	6.3725	含结构虚字
3736	和既往	3	4.5359	0.9183	0.9183	6.3725	含结构虚字
3737	4慢阻肺病	3	3.2005	1.585	1.585	6.3705	PMI/得分/频次过低
3738	或胸	4	4.0568	1.5	0.8113	6.3681	PMI/得分/频次过低
3739	的病理生	3	3.8551	1.585	0.9183	6.3584	含结构虚字
3740	的认识	3	3.8551	0.9183	1.585	6.3584	含结构虚字
3741	传统的	3	3.8551	1.585	0.9183	6.3584	含结构虚字
3742	临床戒	3	4.52	0.9183	0.9183	6.3566	PMI/得分/频次过低
3743	的工	5	3.0616	2.3219	0.971	6.3545	含结构虚字
3744	反应有	4	3.5429	0.8113	2.0	6.3542	含结构虚字
3745	低慢阻肺	8	3.2884	0.8113	2.25	6.3497	含结构虚字
3746	及住院	3	4.5123	0.9183	0.9183	6.3489	含结构虚字
3747	和死	7	3.3562	2.1281	0.8631	6.3474	含结构虚字
3748	类患者	4	3.344	1.0	2.0	6.344	含结构虚字
3749	时可以	4	3.8387	1.0	1.5	6.3387	含结构虚字
3750	确定肺	3	3.1648	1.585	1.585	6.3347	含结构虚字
3751	但并	3	3.8292	1.585	0.9183	6.3325	含结构虚字
3752	作为慢	4	3.5204	2.0	0.8113	6.3317	含结构虚字
3753	表1	3	3.158	1.585	1.585	6.3279	PMI/得分/频次过低
3754	断慢阻肺	8	3.3759	0.5436	2.4056	6.3251	PMI/得分/频次过低
3755	烟率	4	3.8236	1.0	1.5	6.3236	含结构虚字
3756	有口	3	3.1521	1.585	1.585	6.322	含结构虚字
3757	血症患者	3	3.8188	0.9183	1.585	6.322	PMI/得分/频次过低
3758	病全球	5	4.6264	0.971	0.7219	6.3193	含结构虚字
3759	要依	3	4.4803	0.9183	0.9183	6.3169	含结构虚字
3760	存在于	3	3.1461	1.585	1.585	6.316	含结构虚字
3761	是重要	3	3.8117	1.585	0.9183	6.315	含结构虚字
3762	要作用	3	3.8115	0.9183	1.585	6.3148	含结构虚字
3763	或无	4	3.3146	2.0	1.0	6.3146	PMI/得分/频次过低
3764	需要关	3	3.8074	1.585	0.9183	6.3107	含结构虚字
3765	到基	3	4.4739	0.9183	0.9183	6.3105	含结构虚字
3766	者可以	8	3.3033	1.0	2.0	6.3033	含结构虚字
3767	是我国	3	4.4638	0.9183	0.9183	6.3004	含结构虚字
3768	和安	4	3.2989	1.5	1.5	6.2989	含结构虚字
3769	病特征	4	3.4873	0.8113	2.0	6.2986	含结构虚字
3770	进行分	4	3.2952	1.5	1.5	6.2952	含结构虚字
3771	分泌和	4	4.6709	0.8113	0.8113	6.2934	含结构虚字
3772	所不	3	3.7863	1.585	0.9183	6.2895	含结构虚字
3773	呼吸康复的	3	3.1182	1.585	1.585	6.2881	含结构虚字
3774	高碳酸血症的	3	3.1182	1.585	1.585	6.2881	含结构虚字
3775	的防治	3	3.1182	1.585	1.585	6.2881	含结构虚字
3776	病的临床	3	3.1118	1.585	1.585	6.2817	含结构虚字
3777	入地	3	4.4438	0.9183	0.9183	6.2804	含结构虚字
3778	史体	3	4.4428	0.9183	0.9183	6.2794	含结构虚字
3779	治疗原	6	3.0425	2.585	0.65	6.2774	PMI/得分/频次过低
3780	的早期诊断	3	4.4401	0.9183	0.9183	6.2767	含结构虚字
3781	的频率和	3	4.4401	0.9183	0.9183	6.2767	含结构虚字
3782	患者建议	4	3.4633	0.8113	2.0	6.2746	含结构虚字
3783	衰竭和	5	3.3798	1.371	1.5219	6.2727	含结构虚字
3784	二医	4	4.4596	1.0	0.8113	6.2709	PMI/得分/频次过低
3785	于FEV	3	3.7608	0.9183	1.585	6.2641	含结构虚字
3786	病的严重程	6	4.9598	0.65	0.65	6.2599	含结构虚字
3787	报告的	4	4.6327	0.8113	0.8113	6.2553	含结构虚字
3788	在基	6	3.0179	2.585	0.65	6.2529	含结构虚字
3789	非慢阻	4	3.4412	2.0	0.8113	6.2525	含结构虚字
3790	有合并症	3	3.0805	1.585	1.585	6.2505	含结构虚字
3791	需更	3	3.745	1.585	0.9183	6.2482	含结构虚字
3792	期规	7	5.0624	0.5917	0.5917	6.2457	含结构虚字
3793	及生	9	3.5662	1.4466	1.2244	6.2373	含结构虚字
3794	JJAm	3	3.0606	1.585	1.585	6.2306	PMI/得分/频次过低
3795	发生在	3	3.0569	1.585	1.585	6.2268	含结构虚字
3796	多因素	4	4.5925	0.8113	0.8113	6.2151	含结构虚字
3797	人群进	3	4.3773	0.9183	0.9183	6.2139	含结构虚字
3798	药物包括	3	3.7083	0.9183	1.585	6.2116	含结构虚字
3799	对稳定	4	3.9003	1.5	0.8113	6.2116	含结构虚字
3800	病的危险	3	4.3748	0.9183	0.9183	6.2114	含结构虚字
3801	改善症	4	3.3981	2.0	0.8113	6.2093	含结构虚字
3802	症和或	3	3.7039	0.9183	1.585	6.2071	含结构虚字
3803	性研究的	3	3.7031	0.9183	1.585	6.2064	含结构虚字
3804	者均	6	4.3033	0.65	1.2516	6.2049	PMI/得分/频次过低
3805	康复相	3	4.366	0.9183	0.9183	6.2026	含结构虚字
3806	用FEV	3	3.0318	1.585	1.585	6.2017	含结构虚字
3807	病例	3	3.6968	0.9183	1.585	6.2	含结构虚字
3808	病相关的	3	3.6968	0.9183	1.585	6.2	含结构虚字
3809	抗菌治疗的	3	3.0251	1.585	1.585	6.195	含结构虚字
3810	的风险增	3	3.0251	1.585	1.585	6.195	含结构虚字
3811	的测定	3	3.0251	1.585	1.585	6.195	含结构虚字
3812	和或有	4	3.6949	1.0	1.5	6.1949	含结构虚字
3813	疾病进展的	4	3.1922	1.5	1.5	6.1922	含结构虚字
3814	1次	3	3.0218	1.585	1.585	6.1917	含结构虚字
3815	危重	6	3.2861	2.2516	0.65	6.1877	PMI/得分/频次过低
3816	合并慢性	4	3.8763	1.5	0.8113	6.1876	含结构虚字
3817	年包	3	3.6826	1.585	0.9183	6.1858	含结构虚字
3818	症的患者	3	3.0158	1.585	1.585	6.1857	含结构虚字
3819	ofa	3	3.0144	1.585	1.585	6.1843	PMI/得分/频次过低
3820	因素其	3	3.6757	0.9183	1.585	6.1789	含结构虚字
3821	推荐对	3	3.6748	1.585	0.9183	6.178	含结构虚字
3822	引用	3	3.6742	1.585	0.9183	6.1775	含结构虚字
3823	JR	4	3.6727	0.9183	1.585	6.176	PMI/得分/频次过低
3824	量增	5	3.9279	1.5219	0.7219	6.1718	含结构虚字
3825	次中	5	3.125	2.3219	0.7219	6.1688	含结构虚字
3826	种严重	3	4.3295	0.9183	0.9183	6.1661	PMI/得分/频次过低
3827	力下	3	3.6615	0.9183	1.585	6.1647	含结构虚字
3828	一定的	4	3.3526	0.8113	2.0	6.1639	含结构虚字
3829	似的	4	3.3526	0.8113	2.0	6.1639	含结构虚字
3830	机制的	5	3.1182	0.7219	2.3219	6.162	含结构虚字
3831	导致急性	3	3.6514	1.585	0.9183	6.1547	含结构虚字
3832	种炎	3	4.3151	0.9183	0.9183	6.1517	PMI/得分/频次过低
3833	及预	6	3.705	1.7925	0.65	6.1475	含结构虚字
3834	理及	5	3.3933	1.371	1.371	6.1352	含结构虚字
3835	呼吸困难评	3	3.6309	1.585	0.9183	6.1342	含结构虚字
3836	的室内	4	3.6327	1.0	1.5	6.1327	含结构虚字
3837	使用种	3	3.6246	1.585	0.9183	6.1279	含结构虚字
3838	JP	6	4.1234	1.0	1.0	6.1234	PMI/得分/频次过低
3839	度慢阻肺患者	3	3.6181	0.9183	1.585	6.1214	含结构虚字
3840	的次数	4	3.1182	1.5	1.5	6.1182	含结构虚字
3841	动力	8	4.1681	1.4056	0.5436	6.1173	含结构虚字
3842	药物作	5	3.4683	1.9219	0.7219	6.1121	含结构虚字
3843	展为	3	3.6055	0.9183	1.585	6.1087	含结构虚字
3844	疾病管理	3	3.6029	1.585	0.9183	6.1061	PMI/得分/频次过低
3845	糖皮质激素可	3	4.2689	0.9183	0.9183	6.1055	含结构虚字
3846	功能测	3	3.5958	1.585	0.9183	6.0991	含结构虚字
3847	慢阻肺患病	8	3.3045	2.25	0.5436	6.098	PMI/得分/频次过低
3848	于气流	4	3.7835	1.5	0.8113	6.0948	含结构虚字
3849	可降低	3	3.5909	0.9183	1.585	6.0941	含结构虚字
3850	且可	3	3.5909	0.9183	1.585	6.0941	含结构虚字
3851	风险评	4	4.0918	1.0	1.0	6.0918	含结构虚字
3852	者日	7	4.1106	0.5917	1.3788	6.0811	含结构虚字
3853	度需要	4	3.7666	1.5	0.8113	6.0779	含结构虚字
3854	染与	4	4.0772	1.0	1.0	6.0772	PMI/得分/频次过低
3855	要包	9	4.5825	0.5033	0.9864	6.0722	含结构虚字
3856	骨质疏松的	3	3.5656	1.585	0.9183	6.0689	含结构虚字
3857	肺总	6	3.4949	1.9183	0.65	6.0632	含结构虚字
3858	不少	4	3.5622	1.0	1.5	6.0622	含结构虚字
3859	度气流	4	3.7493	1.5	0.8113	6.0606	含结构虚字
3860	的调查结果	3	4.2177	0.9183	0.9183	6.0543	含结构虚字
3861	起始治疗的	3	4.2177	0.9183	0.9183	6.0543	含结构虚字
3862	之后的	3	4.2177	0.9183	0.9183	6.0543	含结构虚字
3863	国国	4	3.7399	1.5	0.8113	6.0512	PMI/得分/频次过低
3864	加重期的	4	3.7397	0.8113	1.5	6.0509	含结构虚字
3865	感染是	5	4.3528	0.971	0.7219	6.0456	含结构虚字
3866	用机	13	4.2769	0.6194	1.1451	6.0414	含结构虚字
3867	和全身	3	3.5359	1.585	0.9183	6.0392	含结构虚字
3868	是最	4	3.7227	1.5	0.8113	6.034	含结构虚字
3869	学分	18	4.6517	0.7642	0.6144	6.0303	含结构虚字
3870	点评估	3	4.1826	0.9183	0.9183	6.0192	含结构虚字
3871	如果患者	3	3.5139	1.585	0.9183	6.0172	含结构虚字
3872	或咳	4	4.0053	1.0	1.0	6.0053	PMI/得分/频次过低
3873	以降	5	3.909	1.371	0.7219	6.0019	含结构虚字
3874	肺生长	3	4.1648	0.9183	0.9183	6.0013	含结构虚字
3875	心动	7	3.3414	1.6645	0.9852	5.9911	含结构虚字
3876	咳嗽和	3	3.4853	1.585	0.9183	5.9886	含结构虚字
3877	慢阻肺诊治	3	3.4828	1.585	0.9183	5.9861	PMI/得分/频次过低
3878	提高慢	3	3.4798	0.9183	1.585	5.983	含结构虚字
3879	型呼吸	3	3.4718	1.585	0.9183	5.975	含结构虚字
3880	需通	3	3.4623	1.585	0.9183	5.9656	含结构虚字
3881	而在	4	3.154	0.8113	2.0	5.9652	含结构虚字
3882	情进	5	4.5199	0.7219	0.7219	5.9638	含结构虚字
3883	肿和	4	3.1436	0.8113	2.0	5.9549	含结构虚字
3884	适于	3	4.1169	0.9183	0.9183	5.9535	含结构虚字
3885	测心	3	3.4498	0.9183	1.585	5.9531	含结构虚字
3886	响不	4	3.6402	0.8113	1.5	5.9515	含结构虚字
3887	根据患者	3	3.4468	1.585	0.9183	5.9501	含结构虚字
3888	为呼吸困难	3	3.4468	0.9183	1.585	5.9501	含结构虚字
3889	呼吸道感染的	3	3.4401	0.9183	1.585	5.9434	含结构虚字
3890	新药的	3	3.4401	0.9183	1.585	5.9434	含结构虚字
3891	者健康	7	3.6818	0.5917	1.6645	5.938	PMI/得分/频次过低
3892	性恶	4	4.1262	1.0	0.8113	5.9375	含结构虚字
3893	义和	4	3.4364	1.5	1.0	5.9364	含结构虚字
3894	FEV或	3	3.4231	0.9183	1.585	5.9264	PMI/得分/频次过低
3895	院或	6	3.0138	0.65	2.2516	5.9154	PMI/得分/频次过低
3896	性对照	6	4.0049	0.65	1.2516	5.9066	含结构虚字
3897	用抗菌	4	4.2769	0.8113	0.8113	5.8994	含结构虚字
3898	加重次	6	3.9963	0.65	1.2516	5.898	含结构虚字
3899	法可	3	3.3945	0.9183	1.585	5.8977	含结构虚字
3900	品的	4	4.2702	0.8113	0.8113	5.8927	含结构虚字
3901	治疗手	3	3.3774	1.585	0.9183	5.8807	含结构虚字
3902	双肺	3	3.3763	1.585	0.9183	5.8795	PMI/得分/频次过低
3903	使用基	3	3.3731	1.585	0.9183	5.8763	含结构虚字
3904	入装置的	7	3.4401	0.5917	1.8424	5.8741	含结构虚字
3905	等症	7	3.1498	2.1281	0.5917	5.8695	含结构虚字
3906	生机	7	4.1277	1.1488	0.5917	5.8682	含结构虚字
3907	COPD治疗	22	4.1189	0.9568	0.7908	5.8664	PMI/得分/频次过低
3908	导致慢阻肺的	3	4.0251	0.9183	0.9183	5.8617	含结构虚字
3909	究表	7	4.6756	0.5917	0.5917	5.8589	含结构虚字
3910	患者经	4	3.5399	1.5	0.8113	5.8512	含结构虚字
3911	能获	3	4.0108	0.9183	0.9183	5.8474	含结构虚字
3912	并提	3	3.3407	1.585	0.9183	5.844	含结构虚字
3913	见于	3	3.3345	1.585	0.9183	5.8378	含结构虚字
3914	二病	4	3.0243	2.0	0.8113	5.8356	PMI/得分/频次过低
3915	和糖	4	3.3321	1.5	1.0	5.8321	含结构虚字
3916	症状增	3	3.3262	1.585	0.9183	5.8294	含结构虚字
3917	与急	7	3.0011	2.2359	0.5917	5.8287	PMI/得分/频次过低
3918	的可逆性	3	3.3246	0.9183	1.585	5.8279	含结构虚字
3919	影响不	3	3.3247	0.9183	1.585	5.8279	含结构虚字
3920	的基本	3	3.3246	1.585	0.9183	5.8279	含结构虚字
3921	血管疾病的	3	3.3246	0.9183	1.585	5.8279	含结构虚字
3922	受体阻	5	3.7308	1.371	0.7219	5.8237	含结构虚字
3923	疗专	4	3.8155	1.0	1.0	5.8155	PMI/得分/频次过低
3924	therapyJ	3	3.9714	0.9183	0.9183	5.808	过长英文
3925	种药物	3	3.3009	0.9183	1.585	5.8042	PMI/得分/频次过低
3926	者出	11	3.5324	1.2776	0.994	5.8041	含结构虚字
3927	受过	3	3.2982	0.9183	1.585	5.8015	含结构虚字
3928	症状提	3	3.9614	0.9183	0.9183	5.798	含结构虚字
3929	检查是	3	3.2893	0.9183	1.585	5.7925	含结构虚字
3930	如支气管	3	3.2872	0.9183	1.585	5.7904	含结构虚字
3931	于改善	3	3.2851	0.9183	1.585	5.7883	含结构虚字
3932	行肺功能	4	3.4697	0.8113	1.5	5.781	含结构虚字
3933	期慢	28	3.2044	1.8963	0.6769	5.7776	含结构虚字
3934	需机	3	3.9407	0.9183	0.9183	5.7773	含结构虚字
3935	可参	3	3.2689	1.585	0.9183	5.7722	含结构虚字
3936	的危	17	3.0846	2.1607	0.5226	5.7679	含结构虚字
3937	及抗	3	3.2614	1.585	0.9183	5.7646	含结构虚字
3938	pulmonarydiseaseJJ	3	3.2577	0.9183	1.585	5.7609	过长英文
3939	对稳定期	3	3.9227	0.9183	0.9183	5.7593	含结构虚字
3940	国慢性阻塞	4	4.1339	0.8113	0.8113	5.7565	含结构虚字
3941	痰药	3	3.9193	0.9183	0.9183	5.7559	PMI/得分/频次过低
3942	治疗稳定期	3	3.2519	1.585	0.9183	5.7552	含结构虚字
3943	症状肺功	3	3.2492	1.585	0.9183	5.7525	含结构虚字
3944	视慢阻肺	3	3.9102	0.9183	0.9183	5.7468	含结构虚字
3945	预防医	3	3.9096	0.9183	0.9183	5.7462	含结构虚字
3946	在慢性阻塞性	5	3.101	1.9219	0.7219	5.7449	含结构虚字
3947	证医	8	4.6563	0.5436	0.5436	5.7434	PMI/得分/频次过低
3948	可以使用	3	3.9015	0.9183	0.9183	5.738	含结构虚字
3949	展中	5	3.4931	0.7219	1.5219	5.737	含结构虚字
3950	或改变	3	3.8996	0.9183	0.9183	5.7362	含结构虚字
3951	致急性	4	3.4144	0.8113	1.5	5.7256	含结构虚字
3952	通气可	3	3.2216	0.9183	1.585	5.7249	含结构虚字
3953	的共同	3	3.2177	1.585	0.9183	5.721	含结构虚字
3954	的自我	3	3.2177	0.9183	1.585	5.721	含结构虚字
3955	共同的	3	3.2177	0.9183	1.585	5.721	含结构虚字
3956	血流	4	3.4008	1.5	0.8113	5.7121	含结构虚字
3957	性过程	3	3.8716	0.9183	0.9183	5.7082	含结构虚字
3958	剂后的	5	3.0616	0.7219	1.9219	5.7054	含结构虚字
3959	与慢阻肺有	3	3.8648	0.9183	0.9183	5.7014	含结构虚字
3960	者如果	3	3.1964	0.9183	1.585	5.6996	含结构虚字
3961	慢阻肺或者	3	3.8613	0.9183	0.9183	5.6979	PMI/得分/频次过低
3962	少于	3	3.1909	1.585	0.9183	5.6942	含结构虚字
3963	药治疗的	3	3.8551	0.9183	0.9183	5.6917	含结构虚字
3964	要因素	4	3.3734	0.8113	1.5	5.6847	含结构虚字
3965	我在	3	3.1806	1.585	0.9183	5.6839	含结构虚字
3966	高流	5	3.5884	1.371	0.7219	5.6813	含结构虚字
3967	通风	3	3.8337	0.9183	0.9183	5.6703	含结构虚字
3968	于所	3	3.8301	0.9183	0.9183	5.6666	含结构虚字
3969	率在	6	3.097	0.65	1.9183	5.6653	含结构虚字
3970	科医生的	4	3.3526	0.8113	1.5	5.6639	含结构虚字
3971	病心力衰竭	3	3.8223	0.9183	0.9183	5.6589	含结构虚字
3972	国慢	16	3.3368	1.1982	1.1216	5.6566	PMI/得分/频次过低
3973	是确	3	3.1501	1.585	0.9183	5.6534	含结构虚字
3974	物可以	3	3.1417	0.9183	1.585	5.6449	含结构虚字
3975	等相	5	3.5489	1.371	0.7219	5.6418	含结构虚字
3976	能力和	3	3.1338	0.9183	1.585	5.6371	含结构虚字
3977	的升高	4	3.6327	1.0	1.0	5.6327	含结构虚字
3978	者根据	3	3.1292	0.9183	1.585	5.6325	含结构虚字
3979	疾病的患	3	3.1174	1.585	0.9183	5.6207	含结构虚字
3980	有些	3	3.104	1.585	0.9183	5.6073	含结构虚字
3981	改善呼吸	4	3.2937	1.5	0.8113	5.605	含结构虚字
3982	以反	3	3.0973	1.585	0.9183	5.6005	含结构虚字
3983	态和	3	3.0954	0.9183	1.585	5.5986	含结构虚字
3984	在明	7	3.5865	1.1488	0.8631	5.5984	含结构虚字
3985	医院呼吸	3	3.0876	1.585	0.9183	5.5909	含结构虚字
3986	病危	7	3.0612	1.3788	1.1488	5.5888	PMI/得分/频次过低
3987	大进	3	3.084	1.585	0.9183	5.5872	含结构虚字
3988	高慢阻肺患	3	3.7445	0.9183	0.9183	5.5811	PMI/得分/频次过低
3989	非慢阻肺	3	3.0678	1.585	0.9183	5.571	含结构虚字
3990	死因	3	3.7299	0.9183	0.9183	5.5665	含结构虚字
3991	气在慢	3	3.729	0.9183	0.9183	5.5656	含结构虚字
3992	与肺功	4	3.2534	1.5	0.8113	5.5647	PMI/得分/频次过低
3993	呼吸困难或	4	3.2532	1.5	0.8113	5.5645	含结构虚字
3994	治疗长期	3	3.0555	0.9183	1.585	5.5588	含结构虚字
3995	反应性	6	3.0522	0.9183	1.585	5.5555	含结构虚字
3996	减少患者	3	3.0482	0.9183	1.585	5.5515	含结构虚字
3997	时进行	3	3.0366	0.9183	1.585	5.5399	含结构虚字
3998	化与	6	3.6375	0.65	1.2516	5.5392	PMI/得分/频次过低
3999	阻肺合并	7	3.0963	0.5917	1.8424	5.5303	含结构虚字
4000	如心	6	3.6151	1.2516	0.65	5.5168	含结构虚字
4001	明并	3	3.0127	0.9183	1.585	5.516	含结构虚字
4002	与危	3	3.6622	0.9183	0.9183	5.4988	PMI/得分/频次过低
4003	进行肺功能	3	3.6537	0.9183	0.9183	5.4903	含结构虚字
4004	可逆的	5	3.3697	1.371	0.7219	5.4626	含结构虚字
4005	染是	6	4.1501	0.65	0.65	5.4502	含结构虚字
4006	肺水	4	3.1323	1.5	0.8113	5.4436	PMI/得分/频次过低
4007	临床评	4	3.1311	0.8113	1.5	5.4424	含结构虚字
4008	数据的	4	3.1182	0.8113	1.5	5.4295	含结构虚字
4009	致慢阻肺	9	3.5718	0.5033	1.3516	5.4267	含结构虚字
4010	的刺激	3	3.5656	0.9183	0.9183	5.4022	含结构虚字
4011	参考值的	3	3.5656	0.9183	0.9183	5.4022	含结构虚字
4012	病的发	6	3.8223	0.9183	0.65	5.3906	含结构虚字
4013	在呼吸困难	4	3.0768	0.8113	1.5	5.3881	含结构虚字
4014	剂包括	3	3.5479	0.9183	0.9183	5.3845	含结构虚字
4015	在未	3	3.5463	0.9183	0.9183	5.3829	含结构虚字
4016	度慢阻肺患	4	3.7493	0.8113	0.8113	5.3719	含结构虚字
4017	疗反应	5	3.2749	0.7219	1.371	5.3678	含结构虚字
4018	对文	3	3.5304	0.9183	0.9183	5.367	含结构虚字
4019	吸烟者的	5	3.1182	1.5219	0.7219	5.362	含结构虚字
4020	性加重次	5	3.9045	0.7219	0.7219	5.3483	含结构虚字
4021	防医	4	3.7226	0.8113	0.8113	5.3452	PMI/得分/频次过低
4022	影响患者	5	3.2509	1.371	0.7219	5.3438	含结构虚字
4023	以外	3	3.4978	0.9183	0.9183	5.3344	含结构虚字
4024	视和	3	3.4853	0.9183	0.9183	5.3219	含结构虚字
4025	疗建议	4	3.0019	0.8113	1.5	5.3131	含结构虚字
4026	病综	5	3.8488	0.7219	0.7219	5.2926	含结构虚字
4027	疗氧疗	3	3.4448	0.9183	0.9183	5.2814	PMI/得分/频次过低
4028	吸烟是	3	3.4433	0.9183	0.9183	5.2799	含结构虚字
4029	性加重期的	3	3.4401	0.9183	0.9183	5.2767	含结构虚字
4030	研究进	8	3.6704	1.0613	0.5436	5.2752	含结构虚字
4031	病综合	4	3.6524	0.8113	0.8113	5.2749	含结构虚字
4032	急性加重次	4	3.6524	0.8113	0.8113	5.2749	含结构虚字
4033	高生	9	3.5469	0.5033	1.2244	5.2745	含结构虚字
4034	表现和	3	3.3891	0.9183	0.9183	5.2257	含结构虚字
4035	龄和	3	3.3891	0.9183	0.9183	5.2257	含结构虚字
4036	度较	3	3.3868	0.9183	0.9183	5.2234	含结构虚字
4037	病诊	26	3.5899	0.6219	0.9997	5.2114	PMI/得分/频次过低
4038	肺病相关	3	3.3592	0.9183	0.9183	5.1957	含结构虚字
4039	种慢性	3	3.3295	0.9183	0.9183	5.1661	含结构虚字
4040	的诱	3	3.3246	0.9183	0.9183	5.1612	含结构虚字
4041	及合并	3	3.3107	0.9183	0.9183	5.1473	含结构虚字
4042	合考虑	3	3.2981	0.9183	0.9183	5.1346	含结构虚字
4043	展对	4	3.4964	0.8113	0.8113	5.119	含结构虚字
4044	致心	3	3.2684	0.9183	0.9183	5.105	含结构虚字
4045	气容	4	3.2861	1.0	0.8113	5.0974	PMI/得分/频次过低
4046	重的呼	4	3.2798	1.0	0.8113	5.0911	含结构虚字
4047	持一	3	3.239	0.9183	0.9183	5.0755	含结构虚字
4048	合并症可	3	3.2216	0.9183	0.9183	5.0582	含结构虚字
4049	的识别	3	3.2177	0.9183	0.9183	5.0543	含结构虚字
4050	年时	4	3.0393	1.0	1.0	5.0393	含结构虚字
4051	者采	3	3.1964	0.9183	0.9183	5.0329	含结构虚字
4052	以选	3	3.172	0.9183	0.9183	5.0086	含结构虚字
4053	相关指	3	3.1674	0.9183	0.9183	5.004	含结构虚字
4054	种常	3	3.1596	0.9183	0.9183	4.9961	含结构虚字
4055	发风险	3	3.1588	0.9183	0.9183	4.9954	含结构虚字
4056	动能	17	3.7118	0.6402	0.6402	4.9922	含结构虚字
4057	者经	5	3.5443	0.7219	0.7219	4.9881	含结构虚字
4058	患者住	3	3.1513	0.9183	0.9183	4.9879	PMI/得分/频次过低
4059	识J	4	3.3578	0.8113	0.8113	4.9804	PMI/得分/频次过低
4060	与多	3	3.1393	0.9183	0.9183	4.9759	含结构虚字
4061	急性加重抗	3	3.1369	0.9183	0.9183	4.9735	含结构虚字
4062	区和	3	3.1338	0.9183	0.9183	4.9704	含结构虚字
4063	特征和	3	3.1338	0.9183	0.9183	4.9704	含结构虚字
4064	现高	3	3.1256	0.9183	0.9183	4.9622	含结构虚字
4065	前关	3	3.0844	0.9183	0.9183	4.921	含结构虚字
4066	和肺炎	3	3.0579	0.9183	0.9183	4.8945	含结构虚字
4067	困难或	5	3.4459	0.7219	0.7219	4.8897	PMI/得分/频次过低
4068	症状其	3	3.0484	0.9183	0.9183	4.885	含结构虚字
4069	建议患者	3	3.0482	0.9183	0.9183	4.8848	含结构虚字
4070	应到	3	3.0445	0.9183	0.9183	4.8811	含结构虚字
4071	致慢	11	3.3278	0.8659	0.684	4.8777	含结构虚字
4072	炎发	3	3.0397	0.9183	0.9183	4.8763	含结构虚字
4073	病心血管	3	3.0338	0.9183	0.9183	4.8704	PMI/得分/频次过低
4074	心血管病	3	3.0338	0.9183	0.9183	4.8704	PMI/得分/频次过低
4075	症反	4	3.2444	0.8113	0.8113	4.867	含结构虚字
4076	吸烟可	3	3.0261	0.9183	0.9183	4.8627	含结构虚字
4077	动过	4	3.2255	0.8113	0.8113	4.848	含结构虚字
4078	疗的慢	5	3.1136	0.7219	0.971	4.8065	含结构虚字
4079	究进	9	3.7955	0.5033	0.5033	4.802	含结构虚字
4080	重指	17	3.3186	0.8343	0.6402	4.7932	PMI/得分/频次过低
4081	度进	7	3.0481	1.1488	0.5917	4.7887	含结构虚字
4082	疗反	7	3.0378	0.5917	1.1488	4.7784	含结构虚字
4083	会慢	17	3.6819	0.5226	0.5226	4.727	PMI/得分/频次过低
4084	管内	4	3.1023	0.8113	0.8113	4.7249	PMI/得分/频次过低
4085	的频率	4	3.0478	0.8113	0.8113	4.6703	含结构虚字
4086	道不	4	3.0028	0.8113	0.8113	4.6253	含结构虚字
4087	疾病临床	5	3.0688	0.7219	0.7219	4.5127	PMI/得分/频次过低
4088	疗原	8	3.0654	0.8113	0.5436	4.4203	PMI/得分/频次过低
4089	期诊	7	3.113	0.5917	0.5917	4.2963	含结构虚字
